FinancialYear,DistrictName ,TotalArea(Acres),Production(Tons)
1969-1970,Dhaka,765390,312720
1969-1970,Kishoregonj,588140,251340
1969-1970,Mymensingh,1501670,687190
1969-1970,Tangail,0,0
1969-1970,Faridpur,786200,303645
1969-1970,Chittagong,497290,319075
1969-1970,Chittagong H. T.,57280,38140
1969-1970,Noakhali,726660,332125
1969-1970,Comilla,976420,508305
1969-1970,Sylhet,1223850,629510
1969-1970,Rajshahi,1111420,544415
1969-1970,Dinajpur,888530,407065
1969-1970,Rangpur,1209490,622025
1969-1970,Bogra,634460,280905
1969-1970,Pabna,567080,232810
1969-1970,Khulna,1007020,437665
1969-1970,Bakergonj,1598910,746570
1969-1970,Patuakhali,0,0
1969-1970,Jessore,552400,231120
1969-1970,Kushtia,148990,64600
1970-1971,Dhaka,674300,266655
1970-1971,Kishoregonj,539180,205650
1970-1971,Mymensingh,1051810,450930
1970-1971,Tangail,242360,69425
1970-1971,Faridpur,686009,181385
1970-1971,Chittagong,517235,258050
1970-1971,Chittagong H. T.,54810,32485
1970-1971,Noakhali,612048,218300
1970-1971,Comilla,965080,452930
1970-1971,Sylhet,1241590,645600
1970-1971,Rajshahi,1142560,584540
1970-1971,Dinajpur,893380,455405
1970-1971,Rangpur,1286790,731755
1970-1971,Bogra,658210,350460
1970-1971,Pabna,493655,163220
1970-1971,Khulna,927445,255935
1970-1971,Bakergonj,840863,189540
1970-1971,Patuakhali,690675,139215
1970-1971,Jessore,516210,94430
1970-1971,Kushtia,150110,67520
1971-1972,Dhaka,682250,302490
1971-1972,Kishoregonj,559415,231475
1971-1972,Mymensingh,1045000,530070
1971-1972,Tangail,361820,151475
1971-1972,Faridpur,592870,127105
1971-1972,Chittagong,546425,299685
1971-1972,Chittagong H.T.,58840,32805
1971-1972,Noakhali,736150,281485
1971-1972,Comilla,946545,431115
1971-1972,Sylhet,1075590,497775
1971-1972,Rajshahi,928840,349600
1971-1972,Dinajpur,792830,285855
1971-1972,Rangpur,1294500,751570
1971-1972,Bogra,598645,297250
1971-1972,Pabna,479555,140690
1971-1972,Khulna,761105,217995
1971-1972,Bakergonj,830515,302025
1971-1972,Patuakhali,606070,221715
1971-1972,Jessore,574785,222240
1971-1972,Kushtia,53810,21920
1972-1973,Dhaka,737720,275915
1972-1973,Kishoregonj,564695,223995
1972-1973,Mymensingh,1082500,478155
1972-1973,Tangail,378125,140885
1972-1973,Faridpur,742260,198315
1972-1973,Chittagong,569045,298870
1972-1973,Chittagong H.T.,33940,13970
1972-1973,Noakhali,711710,277315
1972-1973,Comilla,948270,407610
1972-1973,Sylhet,1038635,414990
1972-1973,Rajshahi,1114080,405005
1972-1973,Dinajpur,741400,327010
1972-1973,Rangpur,1298620,631115
1972-1973,Bogra,619855,265960
1972-1973,Pabna,468950,143400
1972-1973,Khulna,837565,247690
1972-1973,Bakergonj,902450,360275
1972-1973,Patuakhali,655175,233550
1972-1973,Jessore,536915,191615
1972-1973,Kushtia,138475,50920
1973-1974,Dhaka,726700,304915
1973-1974,Kishoregonj,554765,291190
1973-1974,Mymensingh,1075255,620570
1973-1974,Tangail,370810,166130
1973-1974,Faridpur,728655,236675
1973-1974,Chittagong,579960,372250
1973-1974,Chittagong H.T.,62990,38335
1973-1974,Noakhali,745450,297315
1973-1974,Comilla,924305,515140
1973-1974,Sylhet,1117485,574055
1973-1974,Rajshahi,973630,404810
1973-1974,Dinajpur,876485,484850
1973-1974,Rangpur,1298830,775020
1973-1974,Bogra,575340,325880
1973-1974,Pabna,386430,134545
1973-1974,Khulna,913040,377210
1973-1974,Bakergonj,904450,333855
1973-1974,Patuakhali,588305,136430
1973-1974,Jessore,590930,241110
1973-1974,Kushtia,139000,68615
1974-1975,Dhaka,477000,187195
1974-1975,Kishoregonj,977645,543010
1974-1975,Mymensingh,409695,173205
1974-1975,Tangail,667230,184465
1974-1975,Faridpur,560550,343390
1974-1975,Chittagong,560550,343390
1974-1975,Chittagong H.T.,58195,33075
1974-1975,Noakhali,633920,259475
1974-1975,Comilla,730175,240635
1974-1975,Sylhet,941960,443240
1974-1975,Rajshahi,1074320,449695
1974-1975,Dinajpur,850805,441220
1974-1975,Rangpur,1276235,692540
1974-1975,Bogra,568865,330010
1974-1975,Pabna,446800,147320
1974-1975,Khulna,887195,403025
1974-1975,Bakergonj,863065,301035
1974-1975,Patuakhali,587250,232465
1974-1975,Jessore,606000,272120
1974-1975,Kushtia,158810,70465
1975-1976,Dhaka,703365,357875
1975-1976,Kishoregonj,525385,288810
1975-1976,Mymensingh,1068510,622035
1975-1976,Tangail,405820,161220
1975-1976,Faridpur,716635,244135
1975-1976,Chittagong,567500,383375
1975-1976,Chittagong H. T.,60840,39755
1975-1976,Noakhali,710485,320755
1975-1976,Comilla,876395,481915
1975-1976,Sylhet,1110660,544495
1975-1976,Rajshahi,1069450,454840
1975-1976,Dinajpur,802370,420695
1975-1976,Rangpur,1317170,702755
1975-1976,Bogra,560625,292430
1975-1976,Pabna,533595,216385
1975-1976,Khulna,972010,481750
1975-1976,Bakergonj,872170,379155
1975-1976,Patuakhali,607385,299115
1975-1976,Jessore,604170,291460
1975-1976,Kushtia,151165,62145
1976-1977,Dhaka,730900,316265
1976-1977,Kishoregonj,509760,284360
1976-1977,Mymensingh,5,531460
1976-1977,Jamalpur,0,0
1976-1977,Tangail,451525,180125
1976-1977,Faridpur,753500,224300
1976-1977,Chittagong,561400,383330
1976-1977,Chittagong H. T.,64875,42675
1976-1977,Noakhali,731215,395385
1976-1977,Comilla,913665,437165
1976-1977,Sylhet,907990,432305
1976-1977,Rajshahi,1085795,472285
1976-1977,Dinajpur,808620,433845
1976-1977,Rangpur,1302095,683845
1976-1977,Bogra,580140,310745
1976-1977,Pabna,583325,226230
1976-1977,Khulna,964425,471210
1976-1977,Bakergonj,928285,417420
1976-1977,Patuakhali,609500,303550
1976-1977,Jessore,621995,280945
1976-1977,Kushtia,174765,78235
1977-1978,Dhaka,711320,344075
1977-1978,Kishoregonj,504745,310425
1977-1978,Mymensingh,1084605,566470
1977-1978,Jamalpur,0,0
1977-1978,Tangail,442260,211800
1977-1978,Faridpur,710095,242345
1977-1978,Chittagong,572800,400395
1977-1978,Chittagong H. T.,66015,46455
1977-1978,Noakhali,725785,452260
1977-1978,Comilla,919125,505045
1977-1978,Sylhet,905000,478980
1977-1978,Rajshahi,1064535,492325
1977-1978,Dinajpur,805740,438385
1977-1978,Rangpur,1307100,717960
1977-1978,Bogra,600340,324910
1977-1978,Pabna,546730,259180
1977-1978,Khulna,960385,485360
1977-1978,Bakergonj,914520,441480
1977-1978,Patuakhali,607165,325435
1977-1978,Jessore,653325,307545
1977-1978,Kushtia,0,72810
1978-1979,Dhaka,734595,358310
1978-1979,Kishoregonj,505210,332815
1978-1979,Mymensingh,628310,361440
1978-1979,Jamalpur,455330,226225
1978-1979,Tangail,454415,216325
1978-1979,Faridpur,724100,273335
1978-1979,Chittagong,573240,371815
1978-1979,Chittagong H. T.,65440,46415
1978-1979,Noakhali,774130,435940
1978-1979,Comilla,898490,475120
1978-1979,Sylhet,947345,466480
1978-1979,Rajshahi,1061840,485010
1978-1979,Dinajpur,807740,427875
1978-1979,Rangpur,1289800,729100
1978-1979,Bogra,597820,344630
1978-1979,Pabna,535450,247910
1978-1979,Khulna,922595,475495
1978-1979,Bakergonj,917765,449260
1978-1979,Patuakhali,621120,311795
1978-1979,Jessore,660790,303740
1978-1979,Kushtia,171650,90055
1979-1980,Bandarban,0,0
1979-1980,Chittagong,608535,422545
1979-1980,Comilla,914885,482810
1979-1980,Khagrachari,0,0
1979-1980,Noakhali,776810,359670
1979-1980,Rangamati,69010,301500
1979-1980,Sylhet,1098550,492030
1979-1980,Dhaka,696170,332765
1979-1980,Faridpur,660130,206400
1979-1980,Jamalpur,499990,254870
1979-1980,Kishoregonj,583460,297855
1979-1980,Mymensingh,640370,360075
1979-1980,Tangail,437225,194375
1979-1980,Barisal,962920,418845
1979-1980,Jessore,645155,307630
1979-1980,Khulna,977685,495335
1979-1980,Kushtia,134585,73525
1979-1980,Patuakhali,659360,303785
1979-1980,Bogra,632710,349095
1979-1980,Dinajpur,850635,433165
1979-1980,Pabna,517465,196795
1979-1980,Rajshahi,1045610,471925
1979-1980,Rangpur,1341590,797575
1980-1981,Bandarban,0,0
1980-1981,Chittagong,554020,439475
1980-1981,Comilla,915980,505480
1980-1981,Khagrachari,0,0
1980-1981,Noakhali,747285,419850
1980-1981,Rangamati,60425,54790
1980-1981,Sylhet,1142490,568470
1980-1981,Dhaka,655420,337585
1980-1981,Faridpur,686535,193680
1980-1981,Jamalpur,537515,267115
1980-1981,Kishoregonj,580300,351570
1980-1981,Mymensingh,648460,379105
1980-1981,Tangail,454715,197820
1980-1981,Barisal,926545,455425
1980-1981,Jessore,668185,293055
1980-1981,Khulna,989470,508675
1980-1981,Kushtia,141075,75370
1980-1981,Patuakhali,685735,336925
1980-1981,Bogra,623220,389105
1980-1981,Dinajpur,884660,497605
1980-1981,Pabna,533160,197995
1980-1981,Rajshahi,1087435,515835
1980-1981,Rangpur,1395255,851910
1981-1982,Bandarban,0,0
1981-1982,Chittagong,551645,352320
1981-1982,Comilla,912050,441920
1981-1982,Khagrachari,0,0
1981-1982,Noakhali,717150,306850
1981-1982,Rangamati,87095,50380
1981-1982,Sylhet,1137590,509035
1981-1982,Dhaka,652610,315175
1981-1982,Faridpur,683590,210275
1981-1982,Jamalpur,535210,228110
1981-1982,Kishoregonj,577810,307220
1981-1982,Mymensingh,645685,312085
1981-1982,Tangail,452765,184640
1981-1982,Barisal,922570,405310
1981-1982,Jessore,665235,267640
1981-1982,Khulna,985225,465370
1981-1982,Kushtia,140470,68640
1981-1982,Patuakhali,682795,313075
1981-1982,Bogra,620545,351155
1981-1982,Dinajpur,880865,442845
1981-1982,Pabna,530875,227290
1981-1982,Rajshahi,1082770,513660
1981-1982,Rangpur,1389270,821520
1982-1983,Bandarban,0,0
1982-1983,Chittagong,549115,403695
1982-1983,Comilla,925195,494835
1982-1983,Khagrachari,0,0
1982-1983,Noakhali,698420,336245
1982-1983,Rangamati,81320,54360
1982-1983,Sylhet,1142050,525610
1982-1983,Dhaka,650250,315055
1982-1983,Faridpur,714790,227050
1982-1983,Jamalpur,520425,245950
1982-1983,Kishoregonj,578460,325755
1982-1983,Mymensingh,649100,350950
1982-1983,Tangail,439180,200940
1982-1983,Barisal,920925,424030
1982-1983,Jessore,651930,291130
1982-1983,Khulna,989970,493190
1982-1983,Kushtia,143845,67140
1982-1983,Patuakhali,688520,328275
1982-1983,Bogra,636145,356310
1982-1983,Dinajpur,875150,453675
1982-1983,Pabna,520260,228215
1982-1983,Rajshahi,1061115,508275
1982-1983,Rangpur,1381250,852665
1983-1984,Bandarban,12970,10775
1983-1984,Chittagong,556480,408530
1983-1984,Comilla,926855,493810
1983-1984,Khagrachari,0,0
1983-1984,Noakhali,701895,367575
1983-1984,Rangamati,72070,49485
1983-1984,Sylhet,1157365,564415
1983-1984,Dhaka,648480,312090
1983-1984,Faridpur,683225,237730
1983-1984,Jamalpur,497220,236660
1983-1984,Kishoregonj,586215,281905
1983-1984,Mymensingh,644795,342825
1983-1984,Tangail,428845,201840
1983-1984,Barisal,933275,455880
1983-1984,Jessore,654045,327780
1983-1984,Khulna,1003265,520440
1983-1984,Kushtia,143805,80345
1983-1984,Patuakhali,697755,365480
1983-1984,Bogra,644675,389345
1983-1984,Dinajpur,880805,498180
1983-1984,Pabna,519180,243100
1983-1984,Rajshahi,1066310,551660
1983-1984,Rangpur,1385700,871875
1984-1985,Bandarban,13750,10820
1984-1985,Chittagong,552520,422680
1984-1985,Comilla,877415,482465
1984-1985,Khagrachari,27540,22465
1984-1985,Noakhali,733905,423035
1984-1985,Rangamati,15540,13305
1984-1985,Sylhet,992270,505570
1984-1985,Dhaka,634450,301180
1984-1985,Faridpur,537420,185825
1984-1985,Jamalpur,467500,242455
1984-1985,Kishoregonj,600400,324940
1984-1985,Mymensingh,651985,373395
1984-1985,Tangail,380745,158900
1984-1985,Barisal,921770,482515
1984-1985,Jessore,516120,322345
1984-1985,Khulna,1011125,622720
1984-1985,Kushtia,161975,107115
1984-1985,Patuakhali,721875,363885
1984-1985,Bogra,617840,425525
1984-1985,Dinajpur,870395,529000
1984-1985,Pabna,414165,157730
1984-1985,Rajshahi,1013430,525265
1984-1985,Rangpur,1386395,927940
1985-1986,Bandarban,12270,9485
1985-1986,Chittagong,544560,429280
1985-1986,Comilla,936750,531450
1985-1986,Khagrachari,36175,29845
1985-1986,Noakhali,781080,418640
1985-1986,Rangamati,17015,14895
1985-1986,Sylhet,1131000,582750
1985-1986,Dhaka,621540,309690
1985-1986,Faridpur,669400,255720
1985-1986,Jamalpur,460810,263500
1985-1986,Kishoregonj,570380,321405
1985-1986,Mymensingh,673940,435315
1985-1986,Tangail,378190,177945
1985-1986,Barisal,978000,531460
1985-1986,Jessore,678820,412170
1985-1986,Khulna,1039360,607875
1985-1986,Kushtia,198125,120575
1985-1986,Patuakhali,751210,396315
1985-1986,Bogra,657855,445610
1985-1986,Dinajpur,869605,545785
1985-1986,Pabna,458100,212475
1985-1986,Rajshahi,1035080,557255
1985-1986,Rangpur,1408610,930040
1986-1987,Bandarban,13440,11340
1986-1987,Chittagong,620580,509515
1986-1987,Comilla,938715,524325
1986-1987,Khagrachari,26625,20435
1986-1987,Noakhali,731965,418945
1986-1987,Rangamati,16240,15005
1986-1987,Sylhet,1098450,552580
1986-1987,Dhaka,695215,335545
1986-1987,Faridpur,688955,258750
1986-1987,Jamalpur,468645,263115
1986-1987,Kishoregonj,621015,327035
1986-1987,Mymensingh,639760,382480
1986-1987,Tangail,420840,193500
1986-1987,Barisal,984260,544565
1986-1987,Jessore,663360,380690
1986-1987,Khulna,1010110,497020
1986-1987,Kushtia,191825,114095
1986-1987,Patuakhali,775400,379240
1986-1987,Bogra,632080,410070
1986-1987,Dinajpur,866875,525085
1986-1987,Pabna,470540,203635
1986-1987,Rajshahi,991505,510140
1986-1987,Rangpur,1391705,887815
1987-1988,Bandarban,15225,9545
1987-1988,Chittagong,642560,514370
1987-1988,Comilla,870745,496500
1987-1988,Khagrachari,23455,19580
1987-1988,Noakhali,600730,316665
1987-1988,Rangamati,15660,15675
1987-1988,Sylhet,1048405,578830
1987-1988,Dhaka,573270,258080
1987-1988,Faridpur,687575,211715
1987-1988,Jamalpur,432305,227125
1987-1988,Kishoregonj,481650,314495
1987-1988,Mymensingh,577835,378395
1987-1988,Tangail,386730,160535
1987-1988,Barisal,978440,518635
1987-1988,Jessore,651040,360325
1987-1988,Khulna,905605,524560
1987-1988,Kushtia,203980,129115
1987-1988,Patuakhali,776035,411050
1987-1988,Bogra,530695,351510
1987-1988,Dinajpur,858205,504820
1987-1988,Pabna,261755,99250
1987-1988,Rajshahi,858180,421215
1987-1988,Rangpur,1382000,868350
1988-1989,Bandarban,16640,14550
1988-1989,Chittagong,702605,514385
1988-1989,Comilla,712680,424130
1988-1989,Khagrachari,23390,18555
1988-1989,Noakhali,674335,372470
1988-1989,Rangamati,15655,11560
1988-1989,Sylhet,803170,373735
1988-1989,Dhaka,367715,148600
1988-1989,Faridpur,669925,174735
1988-1989,Jamalpur,326255,176005
1988-1989,Kishoregonj,383670,234970
1988-1989,Mymensingh,509685,289265
1988-1989,Tangail,88810,39530
1988-1989,Barisal,944635,453095
1988-1989,Jessore,568290,343025
1988-1989,Khulna,972330,462000
1988-1989,Kushtia,204990,140310
1988-1989,Patuakhali,786065,311490
1988-1989,Bogra,487065,325785
1988-1989,Dinajpur,1011355,624425
1988-1989,Pabna,251465,109185
1988-1989,Rajshahi,777010,450810
1988-1989,Rangpur,1308645,844570
1989-1990,Bandarban,17970,16590
1989-1990,Chittagong,673750,526470
1989-1990,Comilla,885545,667890
1989-1990,Khagrachari,22050,18800
1989-1990,Noakhali,657420,379270
1989-1990,Rangamati,16270,13160
1989-1990,Sylhet,980590,575960
1989-1990,Dhaka,430280,241600
1989-1990,Faridpur,532970,195170
1989-1990,Jamalpur,365090,218220
1989-1990,Kishoregonj,465480,313080
1989-1990,Mymensingh,584820,385390
1989-1990,Tangail,305710,170370
1989-1990,Barisal,952930,573240
1989-1990,Jessore,704570,538590
1989-1990,Khulna,1072710,654590
1989-1990,Kushtia,228875,176680
1989-1990,Patuakhali,769080,394960
1989-1990,Bogra,581050,458680
1989-1990,Dinajpur,1082910,763120
1989-1990,Pabna,297125,173840
1989-1990,Rajshahi,1008425,675610
1989-1990,Rangpur,1458990,1070760
1990-1991,Bandarban,18730,16610
1990-1991,Chittagong,660810,537650
1990-1991,Comilla,888160,611860
1990-1991,Khagrachari,24860,24710
1990-1991,Noakhali,660150,303790
1990-1991,Rangamati,17420,15100
1990-1991,Sylhet,1040900,627130
1990-1991,Dhaka,479930,249020
1990-1991,Faridpur,498260,194890
1990-1991,Jamalpur,369140,218770
1990-1991,Kishoregonj,466260,317250
1990-1991,Mymensingh,611070,339460
1990-1991,Tangail,339330,176940
1990-1991,Barisal,939650,531860
1990-1991,Jessore,716000,529220
1990-1991,Khulna,997570,627900
1990-1991,Kushtia,233800,185390
1990-1991,Patuakhali,768630,332770
1990-1991,Bogra,619240,486210
1990-1991,Dinajpur,1057600,793460
1990-1991,Pabna,331000,203800
1990-1991,Rajshahi,1011270,730970
1990-1991,Rangpur,1522980,112230
1991-1992,Bandarban,19330,19330
1991-1992,Chittagong,658900,580430
1991-1992,Comilla,814520,528270
1991-1992,Khagrachari,22560,17290
1991-1992,Noakhali,653750,368800
1991-1992,Rangamati,21600,17970
1991-1992,Sylhet,903670,580130
1991-1992,Dhaka,488070,261330
1991-1992,Faridpur,549470,246230
1991-1992,Jamalpur,392950,246080
1991-1992,Kishoregonj,436420,307390
1991-1992,Mymensingh,578100,344280
1991-1992,Tangail,257520,145180
1991-1992,Barisal,931550,484260
1991-1992,Jessore,776650,630830
1991-1992,Khulna,1059780,655250
1991-1992,Kushtia,231770,190190
1991-1992,Patuakhali,774550,391020
1991-1992,Bogra,607990,506820
1991-1992,Dinajpur,1043090,713620
1991-1992,Pabna,307090,194260
1991-1992,Rajshahi,978820,710750
1991-1992,Rangpur,1560020,129180
1992-1993,Bandarban,19990,20720
1992-1993,Chittagong,636490,581510
1992-1993,Comilla,866650,586350
1992-1993,Khagrachari,22770,18310
1992-1993,Noakhali,651130,381760
1992-1993,Rangamati,22300,18650
1992-1993,Sylhet,1028030,650460
1992-1993,Dhaka,489450,266390
1992-1993,Faridpur,602080,266490
1992-1993,Jamalpur,410070,244070
1992-1993,Kishoregonj,478800,342090
1992-1993,Mymensingh,581350,379660
1992-1993,Tangail,335570,167900
1992-1993,Barisal,930230,509500
1992-1993,Jessore,801050,591260
1992-1993,Khulna,1011220,643210
1992-1993,Kushtia,239530,199020
1992-1993,Patuakhali,762100,406720
1992-1993,Bogra,615730,537340
1992-1993,Dinajpur,1028070,735430
1992-1993,Pabna,378380,234040
1992-1993,Rajshahi,997810,766840
1992-1993,Rangpur,1532490,131990
1993-1994,Bandarban,20610,20220
1993-1994,Chittagong,644450,593680
1993-1994,Comilla,937300,577940
1993-1994,Khagrachari,23550,21900
1993-1994,Noakhali,652340,391270
1993-1994,Rangamati,19000,16580
1993-1994,Sylhet,1016850,623970
1993-1994,Dhaka,457690,242210
1993-1994,Faridpur,540080,204900
1993-1994,Jamalpur,472450,293650
1993-1994,Kishoregonj,427710,307220
1993-1994,Mymensingh,578700,412510
1993-1994,Tangail,325410,173870
1993-1994,Barisal,949770,494550
1993-1994,Jessore,777330,586980
1993-1994,Khulna,974020,648610
1993-1994,Kushtia,243000,178100
1993-1994,Patuakhali,770440,430490
1993-1994,Bogra,588950,508880
1993-1994,Dinajpur,957730,684730
1993-1994,Pabna,326110,149470
1993-1994,Rajshahi,967010,708430
1993-1994,Rangpur,1541410,159020
1994-1995,Bandarban,20910,19830
1994-1995,Chittagong,625790,608260
1994-1995,Comilla,953360,584110
1994-1995,Khagrachari,21820,20010
1994-1995,Noakhali,647260,370400
1994-1995,Rangamati,21710,19770
1994-1995,Sylhet,1076370,644730
1994-1995,Dhaka,451350,231800
1994-1995,Faridpur,599730,220370
1994-1995,Jamalpur,402950,237160
1994-1995,Kishoregonj,466690,335850
1994-1995,Mymensingh,569780,368540
1994-1995,Tangail,216780,146490
1994-1995,Barisal,894440,379660
1994-1995,Jessore,772250,525490
1994-1995,Khulna,962060,547390
1994-1995,Kushtia,243080,170840
1994-1995,Patuakhali,777220,348230
1994-1995,Bogra,582220,470940
1994-1995,Dinajpur,861720,518250
1994-1995,Pabna,348710,172010
1994-1995,Rajshahi,940960,609980
1994-1995,Rangpur,1278560,953840
1995-1996,Bandarban,23550,22420
1995-1996,Chittagong,236150,533030
1995-1996,Comilla,956940,609490
1995-1996,Khagrachari,22310,20540
1995-1996,Noakhali,679960,398220
1995-1996,Rangamati,23470,18970
1995-1996,Sylhet,1050480,661280
1995-1996,Dhaka,405740,188060
1995-1996,Faridpur,558910,202560
1995-1996,Jamalpur,430320,239500
1995-1996,Kishoregonj,501020,344270
1995-1996,Mymensingh,591570,346300
1995-1996,Tangail,281000,164920
1995-1996,Barisal,897090,480630
1995-1996,Jessore,1436670,628160
1995-1996,Khulna,896610,594910
1995-1996,Kushtia,269270,196900
1995-1996,Patuakhali,812490,428060
1995-1996,Bogra,558400,363210
1995-1996,Dinajpur,990400,624450
1995-1996,Pabna,324570,179180
1995-1996,Rajshahi,924810,576970
1995-1996,Rangpur,1390210,968300
1996-1997,Bandarban,22540,21840
1996-1997,Chittagong,615910,553840
1996-1997,Comilla,882090,579340
1996-1997,Khagrachari,22200,20560
1996-1997,Noakhali,685600,416310
1996-1997,Rangamati,23570,20900
1996-1997,Sylhet,1061700,732580
1996-1997,Dhaka,426630,243080
1996-1997,Faridpur,561970,245790
1996-1997,Jamalpur,455680,309380
1996-1997,Kishoregonj,516050,359390
1996-1997,Mymensingh,615079,400240
1996-1997,Tangail,309970,195140
1996-1997,Barisal,884830,477870
1996-1997,Jessore,786980,594860
1996-1997,Khulna,937240,647200
1996-1997,Kushtia,257750,211370
1996-1997,Patuakhali,815010,372190
1996-1997,Bogra,605280,424030
1996-1997,Dinajpur,1030900,671870
1996-1997,Pabna,372020,208420
1996-1997,Rajshahi,980020,676540
1996-1997,Rangpur,1469520,1169040
1997-1998,Bandarban,18190,17870
1997-1998,Chittagong,448770,406090
1997-1998,Comilla,799370,462280
1997-1998,Khagrachari,19030,18490
1997-1998,Noakhali,585410,313070
1997-1998,Rangamati,20190,19530
1997-1998,Sylhet,1051260,690980
1997-1998,Dhaka,393290,208110
1997-1998,Faridpur,545440,234360
1997-1998,Jamalpur,445560,280550
1997-1998,Kishoregonj,419190,242460
1997-1998,Mymensingh,534180,242760
1997-1998,Tangail,295970,151690
1997-1998,Barisal,871970,346050
1997-1998,Jessore,789160,571600
1997-1998,Khulna,892160,488940
1997-1998,Kushtia,259720,211720
1997-1998,Patuakhali,809120,287450
1997-1998,Bogra,579610,405200
1997-1998,Dinajpur,959050,600440
1997-1998,Pabna,374870,212800
1997-1998,Rajshahi,991830,720270
1997-1998,Rangpur,1441770,1139290
1998-1999,Bandarban,17990,18490
1998-1999,Chittagong,455640,399950
1998-1999,Comilla,567600,336120
1998-1999,Khagrachari,17510,15730
1998-1999,Noakhali,514030,304930
1998-1999,Rangamati,21110,20180
1998-1999,Sylhet,1049330,641100
1998-1999,Dhaka,277420,112120
1998-1999,Faridpur,390940,136560
1998-1999,Jamalpur,323110,208310
1998-1999,Kishoregonj,362720,188170
1998-1999,Mymensingh,477100,236200
1998-1999,Tangail,162880,69010
1998-1999,Barisal,820960,342100
1998-1999,Jessore,656380,475630
1998-1999,Khulna,886930,601310
1998-1999,Kushtia,259010,206610
1998-1999,Patuakhali,790300,422600
1998-1999,Bogra,529900,347760
1998-1999,Dinajpur,943070,473000
1998-1999,Pabna,313940,165760
1998-1999,Rajshahi,915420,732660
1998-1999,Rangpur,1268330,762280
1999-2000,Bandarban,19250,17550
1999-2000,Chittagong,614440,570110
1999-2000,Comilla,832240,538360
1999-2000,Khagrachari,26620,23800
1999-2000,Noakhali,658540,466820
1999-2000,Rangamati,24080,21650
1999-2000,Sylhet,1059740,750870
1999-2000,Dhaka,426970,241720
1999-2000,Faridpur,534010,265530
1999-2000,Jamalpur,422720,295220
1999-2000,Kishoregonj,515480,380920
1999-2000,Mymensingh,612230,467410
1999-2000,Tangail,313510,229520
1999-2000,Barisal,876760,532156
1999-2000,Jessore,762940,691260
1999-2000,Khulna,922940,740020
1999-2000,Kushtia,266600,262220
1999-2000,Patuakhali,822480,518740
1999-2000,Bogra,579900,441180
1999-2000,Dinajpur,1034870,630180
1999-2000,Pabna,365320,239230
1999-2000,Rajshahi,970660,800330
1999-2000,Rangpur,1435000,1181190
2000-2001,Bandarban,21350,23650
2000-2001,Chittagong,624270,666350
2000-2001,Comilla,794680,645310
2000-2001,Khagrachari,36690,36360
2000-2001,Noakhali,675760,543080
2000-2001,Rangamati,24110,27370
2000-2001,Sylhet,1007660,762830
2000-2001,Dhaka,491320,392150
2000-2001,Faridpur,553110,331350
2000-2001,Jamalpur,432590,318490
2000-2001,Kishoregonj,474630,412290
2000-2001,Mymensingh,655150,538040
2000-2001,Tangail,365390,277650
2000-2001,Barisal,937640,608300
2000-2001,Jessore,622400,517220
2000-2001,Khulna,850850,664430
2000-2001,Kushtia,255720,225210
2000-2001,Patuakhali,862300,591110
2000-2001,Bogra,570890,473100
2000-2001,Dinajpur,1034270,799250
2000-2001,Pabna,416760,321200
2000-2001,Rajshahi,971600,853070
2000-2001,Rangpur,1430750,1221120
2001-2002,Bandarban,20520,20520
2001-2002,Chittagong,647120,647120
2001-2002,Comilla,743070,743070
2001-2002,Khagrachari,43770,43770
2001-2002,Noakhali,686420,686420
2001-2002,Rangamati,25140,25140
2001-2002,Sylhet,969430,969430
2001-2002,Dhaka,502040,502040
2001-2002,Faridpur,579080,579080
2001-2002,Jamalpur,425200,425200
2001-2002,Kishoregonj,482630,482630
2001-2002,Mymensingh,657900,657900
2001-2002,Tangail,352170,352170
2001-2002,Barisal,938790,938790
2001-2002,Jessore,658140,658140
2001-2002,Khulna,873040,873040
2001-2002,Kushtia,261910,261910
2001-2002,Patuakhali,809750,809750
2001-2002,Bogra,565080,565080
2001-2002,Dinajpur,951700,951700
2001-2002,Pabna,417320,417320
2001-2002,Rajshahi,959560,959560
2001-2002,Rangpur,1385080,1385080
2002-2003,Bandarban,19560,21440
2002-2003,Chittagong,657900,681580
2002-2003,Comilla,766880,642850
2002-2003,Khagrachari,48570,47080
2002-2003,Noakhali,697270,552520
2002-2003,Rangamati,25570,29960
2002-2003,Sylhet,1006000,800970
2002-2003,Dhaka,473940,371430
2002-2003,Faridpur,539340,284220
2002-2003,Jamalpur,435480,329990
2002-2003,Kishoregonj,452480,391800
2002-2003,Mymensingh,646390,480370
2002-2003,Tangail,371780,273880
2002-2003,Barisal,903560,623030
2002-2003,Jessore,660070,649750
2002-2003,Khulna,930330,775420
2002-2003,Kushtia,269620,243820
2002-2003,Patuakhali,790100,476420
2002-2003,Bogra,573460,478730
2002-2003,Dinajpur,964890,666910
2002-2003,Pabna,425880,302180
2002-2003,Rajshahi,939810,818810
2002-2003,Rangpur,1442120,1171790
2003-2004,Bandarban,19330,21480
2003-2004,Chittagong,656800,697760
2003-2004,Comilla,657020,544970
2003-2004,Khagrachari,56760,63740
2003-2004,Noakhali,706710,551230
2003-2004,Rangamati,25680,30400
2003-2004,Sylhet,1006540,848410
2003-2004,Dhaka,464760,401450
2003-2004,Faridpur,588460,343150
2003-2004,Jamalpur,433780,339530
2003-2004,Kishoregonj,449510,397920
2003-2004,Mymensingh,674340,554420
2003-2004,Tangail,371510,265800
2003-2004,Barisal,889450,596650
2003-2004,Jessore,705500,787060
2003-2004,Khulna,871660,720670
2003-2004,Kushtia,271800,263440
2003-2004,Patuakhali,877580,536560
2003-2004,Bogra,577410,508170
2003-2004,Dinajpur,964550,725330
2003-2004,Pabna,434580,321630
2003-2004,Rajshahi,929050,791080
2003-2004,Rangpur,1397180,1209740
2004-2005,Bandarban,19360,21847
2004-2005,Chittagong,644083,665129
2004-2005,Comilla,463834,330405
2004-2005,Khagrachari,49352,54472
2004-2005,Noakhali,629025,359728
2004-2005,Rangamati,25665,29862
2004-2005,Sylhet,862036,675563
2004-2005,Dhaka,444055,290585
2004-2005,Faridpur,496334,221808
2004-2005,Jamalpur,396235,294303
2004-2005,Kishoregonj,420215,340008
2004-2005,Mymensingh,648873,500915
2004-2005,Tangail,318251,217327
2004-2005,Barisal,825445,440382
2004-2005,Jessore,649053,618543
2004-2005,Khulna,796220,651199
2004-2005,Kushtia,263785,237924
2004-2005,Patuakhali,854942,539576
2004-2005,Bogra,555775,464718
2004-2005,Dinajpur,987329,718648
2004-2005,Pabna,408199,281777
2004-2005,Rajshahi,919506,803978
2004-2005,Rangpur,1369640,1060920
2005-2006,Bandarban,18295,18693
2005-2006,Chittagong,632647,643804
2005-2006,Comilla,548692,410652
2005-2006,Khagrachari,57594,61935
2005-2006,Noakhali,650719,493400
2005-2006,Rangamati,25377,24791
2005-2006,Sylhet,951905,785891
2005-2006,Dhaka,430452,310173
2005-2006,Faridpur,467313,267363
2005-2006,Jamalpur,426002,348894
2005-2006,Kishoregonj,442954,380281
2005-2006,Mymensingh,649799,508732
2005-2006,Tangail,340212,234815
2005-2006,Barisal,874905,563456
2005-2006,Jessore,762871,757824
2005-2006,Khulna,800537,666957
2005-2006,Kushtia,294426,243711
2005-2006,Patuakhali,781416,503749
2005-2006,Bogra,540972,458407
2005-2006,Dinajpur,1008173,823558
2005-2006,Pabna,406159,294852
2005-2006,Rajshahi,959866,892830
2005-2006,Rangpur,1344335,1115308
2006-2007,Bandarban,18390,18911
2006-2007,Chittagong,459145,456501
2006-2007,Cox's Bazar,174520,188959
2006-2007,Comilla,361495,276646
2006-2007,Chandpur,117990,77183
2006-2007,Brahmanbaria,93380,69035
2006-2007,Khagrachari,58020,58698
2006-2007,Noakhali,278360,188034
2006-2007,Lakshmipur,174680,118629
2006-2007,Feni,144220,145924
2006-2007,Rangamati,22705,22788
2006-2007,Sylhet,314240,259281
2006-2007,Maulavibazar,268620,259350
2006-2007,Sunamgonj,180305,145208
2006-2007,Hobigonj,215860,168812
2006-2007,Dhaka,44170,25042
2006-2007,Gazipur,94180,82692
2006-2007,Manikgonj,78085,26581
2006-2007,Munshigonj,40345,14020
2006-2007,Narayangonj,32585,16218
2006-2007,Narsingdi,111355,97603
2006-2007,Faridpur,125510,79694
2006-2007,Rajbari,106490,80138
2006-2007,Madaripur,94770,47088
2006-2007,Gopalgonj,78755,26925
2006-2007,Shariatpur,61550,31625
2006-2007,Jamalpur,226670,208401
2006-2007,Sherpur,211255,171062
2006-2007,Kishoregonj,157635,147209
2006-2007,Netrokona,328510,281701
2006-2007,Mymenshing,648855,494337
2006-2007,Tangail,329200,258364
2006-2007,Barisal,274950,173703
2006-2007,Jhalakathi,105950,58658
2006-2007,Perojpur,181190,96163
2006-2007,Bhola,314580,198124
2006-2007,Patuakhali,459925,283360
2006-2007,Barguna,229090,155619
2006-2007,Jessore,330570,332764
2006-2007,Jhenaidah,208085,181991
2006-2007,Magura,107615,95165
2006-2007,Narail,138650,95658
2006-2007,Khulna,274505,220009
2006-2007,Bagerhat,268990,195978
2006-2007,Satkhira,245990,257794
2006-2007,Khustia,156720,142393
2006-2007,Chuadanga,89290,76724
2006-2007,Meherpur,60855,56828
2006-2007,Bogra,421930,372447
2006-2007,Joypurhat,167455,154873
2006-2007,Pabna,254545,174745
2006-2007,Sirajgonj,157620,109539
2006-2007,Rajshahi,169020,147656
2006-2007,Noagaon,488895,472186
2006-2007,Natore,158810,109097
2006-2007,Nawabgonj,120533,121182
2006-2007,Dinajpur,568075,469396
2006-2007,Thakurgaon,238560,201937
2006-2007,Panchagar,203020,145918
2006-2007,Rangpur,349160,330083
2006-2007,Gaibandha,277915,236034
2006-2007,Kurigram,258100,213481
2006-2007,Nilphamari,257115,243999
2006-2007,Lalmonirhat,192215,174705
2007-2008,Bandarban,20090,21099
2007-2008,Chittagong,450770,440316
2007-2008,Cox's Bazar,161305,174746
2007-2008,Comilla,366095,279798
2007-2008,Chandpur,84070,42389
2007-2008,Brahmanbaria,114060,72203
2007-2008,Khagrachari,71655,61395
2007-2008,Noakhali,248240,125346
2007-2008,Lakshmipur,158670,96891
2007-2008,Feni,107910,104925
2007-2008,Rangamati,18030,16982
2007-2008,Sylhet,239100,184106
2007-2008,Maulavibazar,224385,220055
2007-2008,Sunamgonj,100435,72429
2007-2008,Hobigonj,213335,166051
2007-2008,Dhaka,18330,9691
2007-2008,Gazipur,98380,93956
2007-2008,Manikgonj,21590,8389
2007-2008,Munshigonj,43110,13179
2007-2008,Narayangonj,32480,14485
2007-2008,Narsingdi,106905,93958
2007-2008,Faridpur,71050,38652
2007-2008,Rajbari,91260,80219
2007-2008,Madaripur,61265,24551
2007-2008,Gopalgonj,46205,15537
2007-2008,Shariatpur,24645,8612
2007-2008,Jamalpur,213305,152138
2007-2008,Sherpur,187975,103787
2007-2008,Kishoregonj,156400,114327
2007-2008,Netrokona,274830,221270
2007-2008,Mymenshing,624870,491413
2007-2008,Tangail,245975,170918
2007-2008,Barisal,285105,126893
2007-2008,Jhalakathi,109550,58609
2007-2008,Perojpur,189835,92791
2007-2008,Bhola,352435,199749
2007-2008,Jessore,339730,354555
2007-2008,Jhenaidah,223760,217045
2007-2008,Magura,97315,91782
2007-2008,Narail,102995,73287
2007-2008,Khulna,267735,192869
2007-2008,Bagerhat,260955,136305
2007-2008,Satkhira,243320,227075
2007-2008,Khustia,165940,159027
2007-2008,Chuadanga,87165,86416
2007-2008,Meherpur,60425,58166
2007-2008,Patuakhali,475465,195319
2007-2008,Barguna,230500,92927
2007-2008,Bogra,411435,365945
2007-2008,Joypurhat,168010,157607
2007-2008,Dinajpur,579720,553907
2007-2008,Thakurgaon,244380,246464
2007-2008,Panchagar,211535,165041
2007-2008,Pabna,249660,191689
2007-2008,Sirajgonj,58595,31250
2007-2008,Rajshahi,170430,177145
2007-2008,Noagaon,465045,484522
2007-2008,Natore,148330,114185
2007-2008,Nawabgonj,120010,140405
2007-2008,Rangpur,333875,265742
2007-2008,Gaibandha,252360,190058
2007-2008,Kurigram,224155,151496
2007-2008,Nilphamari,265395,189411
2007-2008,Lalmonirhat,181890,140696
2008-2009,Bandarban,20645,22353
2008-2009,Chittagong,474045,469112
2008-2009,Cox's Bazar,176510,212418
2008-2009,Comilla,382070,327417
2008-2009,Chandpur,118510,79282
2008-2009,Brahmanbaria,170345,135606
2008-2009,Khagrachari,72520,75935
2008-2009,Noakhali,279060,193174
2008-2009,Lakshmipur,159910,109125
2008-2009,Feni,127440,125732
2008-2009,Rangamati,24075,22333
2008-2009,Sylhet,329120,293659
2008-2009,Maulavibazar,238705,241094
2008-2009,Sunamgonj,134080,107731
2008-2009,Hobigonj,236220,207643
2008-2009,Dhaka,39990,28872
2008-2009,Gazipur,104535,105450
2008-2009,Manikgonj,32095,14175
2008-2009,Munshigonj,44400,16010
2008-2009,Narayangonj,33280,14048
2008-2009,Narsingdi,107755,89811
2008-2009,Faridpur,127510,96689
2008-2009,Rajbari,115355,93608
2008-2009,Madaripur,69030,35699
2008-2009,Gopalgonj,70375,37598
2008-2009,Shariatpur,40020,19148
2008-2009,Jamalpur,228285,198646
2008-2009,Sherpur,212145,163830
2008-2009,Kishoregonj,167310,133432
2008-2009,Netrokona,270870,239694
2008-2009,Mymenshing,647445,550642
2008-2009,Tangail,317530,232731
2008-2009,Barisal,312325,234919
2008-2009,Jhalakathi,112020,72490
2008-2009,Perojpur,171040,108860
2008-2009,Bhola,406840,299196
2008-2009,Jessore,349635,346735
2008-2009,Jhenaidah,235315,220448
2008-2009,Magura,128400,116237
2008-2009,Narail,111705,85788
2008-2009,Khulna,264390,212203
2008-2009,Bagerhat,261570,173540
2008-2009,Satkhira,272105,287569
2008-2009,Khustia,192000,183231
2008-2009,Chuadanga,97585,94440
2008-2009,Meherpur,65510,58714
2008-2009,Patuakhali,490345,267998
2008-2009,Barguna,236700,139574
2008-2009,Bogra,443735,386283
2008-2009,Joypurhat,168045,159470
2008-2009,Dinajpur,604585,602007
2008-2009,Thakurgaon,258005,251886
2008-2009,Panchagar,216200,185595
2008-2009,Pabna,213795,166484
2008-2009,Sirajgonj,167760,132163
2008-2009,Rajshahi,171015,179016
2008-2009,Noagaon,461780,481074
2008-2009,Natore,169640,148921
2008-2009,Nawabgonj,123320,135941
2008-2009,Rangpur,348050,320885
2008-2009,Gaibandha,266350,243014
2008-2009,Kurigram,240210,194546
2008-2009,Nilphamari,265440,263782
2008-2009,Lalmonirhat,188025,167463
2009-2010,Bandarban,20793,22669
2009-2010,Chittagong,469442,489931
2009-2010,Cox's Bazar,181152,224699
2009-2010,Comilla,368455,341627
2009-2010,Chandpur,129394,99443
2009-2010,Brahmanbaria,214030,163108
2009-2010,Khagrachari,77761,87202
2009-2010,Noakhali,288961,216300
2009-2010,Lakshmipur,218784,160309
2009-2010,Feni,141039,147174
2009-2010,Rangamati,23922,25537
2009-2010,Sylhet,356366,352260
2009-2010,Maulavibazar,235295,265500
2009-2010,Sunamgonj,117914,130593
2009-2010,Hobigonj,206856,220869
2009-2010,Dhaka,50121,28772
2009-2010,Gazipur,108813,125245
2009-2010,Manikgonj,81815,33690
2009-2010,Munshigonj,43375,20805
2009-2010,Narayangonj,31318,19742
2009-2010,Narsingdi,108849,109773
2009-2010,Faridpur,144020,113613
2009-2010,Rajbari,121340,115903
2009-2010,Madaripur,77286,50911
2009-2010,Gopalgonj,96463,40041
2009-2010,Shariatpur,40081,18284
2009-2010,Jamalpur,255288,207129
2009-2010,Sherpur,226859,175203
2009-2010,Kishoregonj,173694,140425
2009-2010,Netrokona,346202,279596
2009-2010,Mymenshing,653785,475919
2009-2010,Tangail,336033,250758
2009-2010,Barisal,311427,232203
2009-2010,Jhalakathi,113357,78767
2009-2010,Perojpur,198437,137785
2009-2010,Bhola,412000,288994
2009-2010,Jessore,341226,313555
2009-2010,Jhenaidah,186802,195872
2009-2010,Magura,125700,116479
2009-2010,Narail,124598,88784
2009-2010,Khulna,217912,215848
2009-2010,Bagerhat,240087,184802
2009-2010,Satkhira,207649,193309
2009-2010,Khustia,177877,175297
2009-2010,Chuadanga,113537,104373
2009-2010,Meherpur,61959,58733
2009-2010,Patuakhali,517580,348492
2009-2010,Barguna,251652,175737
2009-2010,Bogra,441965,366445
2009-2010,Joypurhat,167194,159333
2009-2010,Dinajpur,607395,581075
2009-2010,Thakurgaon,289530,354518
2009-2010,Panchagar,200177,169833
2009-2010,Pabna,238411,180500
2009-2010,Sirajgonj,190088,152724
2009-2010,Rajshahi,187090,193581
2009-2010,Noagaon,475075,500097
2009-2010,Natore,176782,161042
2009-2010,Nawabgonj,121718,125785
2009-2010,Rangpur,357770,346055
2009-2010,Gaibandha,288718,232193
2009-2010,Kurigram,245703,192536
2009-2010,Nilphamari,264085,245108
2009-2010,Lalmonirhat,193856,184277
2010-2011,Bandarban,20242,18482
2010-2011,Chittagong,458472,478656
2010-2011,Cox's Bazar,184632,207762
2010-2011,Comilla,361548,349487
2010-2011,Chandpur,129839,82066
2010-2011,Brahmanbaria,157099,127768
2010-2011,Khagrachari,75644,88001
2010-2011,Noakhali,291268,211545
2010-2011,Lakshmipur,212407,164634
2010-2011,Feni,162124,191320
2010-2011,Rangamati,23578,24352
2010-2011,Sylhet,357078,352537
2010-2011,Maulavibazar,234043,251751
2010-2011,Sunamgonj,118006,116817
2010-2011,Hobigonj,205202,198372
2010-2011,Dhaka,44927,26151
2010-2011,Gazipur,108364,125950
2010-2011,Manikgonj,85688,35234
2010-2011,Munshigonj,45484,21953
2010-2011,Narayangonj,31871,18736
2010-2011,Narsingdi,105501,103641
2010-2011,Faridpur,145794,114918
2010-2011,Rajbari,106581,91650
2010-2011,Madaripur,76472,45759
2010-2011,Gopalgonj,91754,42749
2010-2011,Shariatpur,30607,15708
2010-2011,Jamalpur,251484,221152
2010-2011,Sherpur,226858,220729
2010-2011,Kishoregonj,184956,164197
2010-2011,Netrokona,345397,315602
2010-2011,Mymenshing,675278,587762
2010-2011,Tangail,352298,285921
2010-2011,Barisal,320580,263150
2010-2011,Jhalakathi,112387,91207
2010-2011,Perojpur,166731,116921
2010-2011,Bhola,422471,327014
2010-2011,Jessore,345560,332402
2010-2011,Jhenaidah,219380,219741
2010-2011,Magura,122518,136409
2010-2011,Narail,89563,59750
2010-2011,Khulna,200321,176017
2010-2011,Bagerhat,223874,159030
2010-2011,Satkhira,251482,286059
2010-2011,Khustia,192355,223212
2010-2011,Chuadanga,109103,96142
2010-2011,Meherpur,61223,55439
2010-2011,Patuakhali,504165,347730
2010-2011,Barguna,252020,179308
2010-2011,Bogra,453517,396788
2010-2011,Joypurhat,168220,171699
2010-2011,Dinajpur,604853,637965
2010-2011,Thakurgaon,294785,368478
2010-2011,Panchagar,202338,249790
2010-2011,Pabna,237280,158628
2010-2011,Sirajgonj,194389,136775
2010-2011,Rajshahi,181820,201370
2010-2011,Noagaon,489512,532639
2010-2011,Natore,172062,115818
2010-2011,Nawabgonj,106287,112073
2010-2011,Rangpur,343825,368115
2010-2011,Gaibandha,290289,266465
2010-2011,Kurigram,262475,241414
2010-2011,Nilphamari,272632,269707
2010-2011,Lalmonirhat,182420,192881
2011-2012,Bandarban,20414,21328
2011-2012,Chittagong,455458,467750
2011-2012,Cox's Bazar,182297,213334
2011-2012,Comilla,352781,342915
2011-2012,Chandpur,108525,77592
2011-2012,Brahmanbaria,155439,130527
2011-2012,Khagrachari,76231,89607
2011-2012,Noakhali,293415,220437
2011-2012,Lakshmipur,208300,168048
2011-2012,Feni,162522,188358
2011-2012,Rangamati,24155,25746
2011-2012,Sylhet,366288,353419
2011-2012,Maulavibazar,235757,266727
2011-2012,Sunamgonj,120198,118940
2011-2012,Hobigonj,207845,201368
2011-2012,Dhaka,39280,23810
2011-2012,Gazipur,105849,116994
2011-2012,Manikgonj,76229,33381
2011-2012,Munshigonj,38604,18358
2011-2012,Narayangonj,28762,16311
2011-2012,Narsingdi,105090,107112
2011-2012,Faridpur,135648,108093
2011-2012,Rajbari,92187,78286
2011-2012,Madaripur,67571,30266
2011-2012,Gopalgonj,88891,40908
2011-2012,Shariatpur,29858,15920
2011-2012,Jamalpur,261849,238605
2011-2012,Sherpur,223772,210547
2011-2012,Kishoregonj,180622,167220
2011-2012,Netrokona,341691,321711
2011-2012,Mymenshing,668054,568546
2011-2012,Tangail,344271,266992
2011-2012,Barisal,309110,258853
2011-2012,Jhalakathi,112289,88860
2011-2012,Perojpur,157334,115904
2011-2012,Bhola,422002,337660
2011-2012,Jessore,336037,353267
2011-2012,Jhenaidah,217239,240766
2011-2012,Magura,120564,125560
2011-2012,Narail,87878,66675
2011-2012,Khulna,206177,181186
2011-2012,Bagerhat,211095,150362
2011-2012,Satkhira,207797,219388
2011-2012,Khustia,196862,221110
2011-2012,Chuadanga,107381,122987
2011-2012,Meherpur,61785,69326
2011-2012,Patuakhali,508494,339887
2011-2012,Barguna,251884,180343
2011-2012,Bogra,453143,428279
2011-2012,Joypurhat,168032,169416
2011-2012,Dinajpur,610853,606407
2011-2012,Thakurgaon,294715,302191
2011-2012,Panchagar,213092,213724
2011-2012,Pabna,212419,182107
2011-2012,Sirajgonj,196168,168070
2011-2012,Rajshahi,180053,185350
2011-2012,Noagaon,492122,525477
2011-2012,Natore,185598,168278
2011-2012,Nawabgonj,113963,115168
2011-2012,Rangpur,358971,388317
2011-2012,Gaibandha,287735,294861
2011-2012,Kurigram,264862,254520
2011-2012,Nilphamari,259704,281714
2011-2012,Lalmonirhat,185921,193099
2012-2013,Bandarban,20309,20779
2012-2013,Chittagong,444559,474409
2012-2013,Cox's Bazar,181104,221200
2012-2013,Comilla,355550,338564
2012-2013,Chandpur,116604,90938
2012-2013,Brahmanbaria,153553,129766
2012-2013,Khagrachari,76139,91560
2012-2013,Noakhali,307792,234188
2012-2013,Lakshmipur,208670,187673
2012-2013,Feni,159379,182253
2012-2013,Rangamati,24009,24566
2012-2013,Sylhet,384516,335673
2012-2013,Maulavibazar,269407,285423
2012-2013,Sunamgonj,119109,115685
2012-2013,Hobigonj,212563,203932
2012-2013,Dhaka,47145,27797
2012-2013,Gazipur,105465,111453
2012-2013,Manikgonj,75574,33834
2012-2013,Munshigonj,37503,17653
2012-2013,Narayangonj,28774,16176
2012-2013,Narsingdi,103767,89870
2012-2013,Faridpur,144018,116323
2012-2013,Rajbari,104455,92862
2012-2013,Madaripur,64131,30782
2012-2013,Gopalgonj,68984,38251
2012-2013,Shariatpur,33715,17813
2012-2013,Jamalpur,256410,229982
2012-2013,Sherpur,227906,195386
2012-2013,Kishoregonj,177659,175864
2012-2013,Netrokona,342602,325183
2012-2013,Mymenshing,657360,575001
2012-2013,Tangail,321556,241394
2012-2013,Barisal,305291,223867
2012-2013,Jhalakathi,110676,65846
2012-2013,Perojpur,154297,112594
2012-2013,Bhola,426285,318800
2012-2013,Patuakhali,507816,361170
2012-2013,Barguna,245484,182560
2012-2013,Jessore,327742,317470
2012-2013,Jhenaidah,211624,230188
2012-2013,Magura,127442,121238
2012-2013,Narail,89060,68216
2012-2013,Khulna,228120,208540
2012-2013,Bagerhat,204756,163796
2012-2013,Satkhira,230873,250523
2012-2013,Khustia,184320,195512
2012-2013,Chuadanga,107457,119763
2012-2013,Meherpur,57694,60418
2012-2013,Bogra,449903,448188
2012-2013,Joypurhat,167731,180487
2012-2013,Pabna,214421,185035
2012-2013,Sirajgonj,191021,162765
2012-2013,Rajshahi,171087,196898
2012-2013,Noagaon,505651,570639
2012-2013,Natore,176687,155911
2012-2013,Nawabgonj,114240,119715
2012-2013,Dinajpur,607702,631882
2012-2013,Thakurgaon,289748,292226
2012-2013,Panchagar,232950,232573
2012-2013,Rangpur,385735,408861
2012-2013,Gaibandha,285862,292446
2012-2013,Kurigram,259593,242266
2012-2013,Nilphamari,269633,306655
2012-2013,Lalmonirhat,192073,197929
2013-2014,Bandarban,21579,23020
2013-2014,Chittagong,440237,477130
2013-2014,Cox's Bazar,178357,179658
2013-2014,Comilla,347072,326956
2013-2014,Chandpur,91446,70130
2013-2014,Brahmanbaria,141598,135267
2013-2014,Khagrachari,67204,78135
2013-2014,Noakhali,306912,235917
2013-2014,Lakshmipur,207166,194512
2013-2014,Feni,165594,196532
2013-2014,Rangamati,24542,27076
2013-2014,Sylhet,351171,356986
2013-2014,Maulavibazar,249572,263539
2013-2014,Sunamgonj,127218,122945
2013-2014,Hobigonj,207691,195879
2013-2014,Dhaka,39810,25676
2013-2014,Gazipur,104706,97502
2013-2014,Manikgonj,81215,39699
2013-2014,Munshigonj,34972,16474
2013-2014,Narayangonj,26321,13713
2013-2014,Narsingdi,101441,88303
2013-2014,Faridpur,159560,131450
2013-2014,Rajbari,105241,102145
2013-2014,Madaripur,55938,31882
2013-2014,Gopalgonj,43006,21450
2013-2014,Shariatpur,35293,19593
2013-2014,Jamalpur,265882,251298
2013-2014,Sherpur,207851,171891
2013-2014,Kishoregonj,181400,175719
2013-2014,Netrokona,346639,315133
2013-2014,Mymenshing,634684,563878
2013-2014,Tangail,318362,259119
2013-2014,Barisal,301184,245714
2013-2014,Jhalakathi,106325,62868
2013-2014,Perojpur,144566,102025
2013-2014,Bhola,435335,340666
2013-2014,Patuakhali,96849,108973
2013-2014,Barguna,58241,61566
2013-2014,Jessore,500714,350174
2013-2014,Jhenaidah,229226,172671
2013-2014,Magura,325438,317704
2013-2014,Narail,207138,251848
2013-2014,Khulna,134596,125844
2013-2014,Bagerhat,87304,63137
2013-2014,Satkhira,239487,250786
2013-2014,Khustia,201083,176418
2013-2014,Chuadanga,227391,273828
2013-2014,Meherpur,183789,188019
2013-2014,Bogra,455471,468936
2013-2014,Joypurhat,166687,186971
2013-2014,Panchagar,167416,189894
2013-2014,Pabna,504481,579316
2013-2014,Sirajgonj,181621,163500
2013-2014,Rajshahi,117370,118453
2013-2014,Noagaon,610979,652120
2013-2014,Natore,294511,322855
2013-2014,Nawabgonj,231901,246586
2013-2014,Dinajpur,195229,166802
2013-2014,Thakurgaon,189450,171958
2013-2014,Rangpur,384166,426409
2013-2014,Gaibandha,297344,305946
2013-2014,Kurigram,267999,240339
2013-2014,Nilphamari,260619,276585
2013-2014,Lalmonirhat,192218,205795
2014-2015,Bandarban,23294,23749
2014-2015,Chittagong,437253,495198
2014-2015,Cox's Bazar,179172,175192
2014-2015,Comilla,343998,292803
2014-2015,Chandpur,105836,71142
2014-2015,Brahmanbaria,154885,146601
2014-2015,Khagrachari,68359,78366
2014-2015,Noakhali,313536,248264
2014-2015,Lakshmipur,204593,202248
2014-2015,Feni,163459,187203
2014-2015,Rangamati,24900,27810
2014-2015,Sylhet,319540,275476
2014-2015,Maulavibazar,227241,227829
2014-2015,Sunamgonj,129819,110452
2014-2015,Hobigonj,227794,190599
2014-2015,Dhaka,31759,15604
2014-2015,Gazipur,103869,101542
2014-2015,Manikgonj,98733,52046
2014-2015,Munshigonj,47162,22886
2014-2015,Narayangonj,23098,12516
2014-2015,Narsingdi,97029,91527
2014-2015,Faridpur,128015,120064
2014-2015,Rajbari,91523,93275
2014-2015,Madaripur,60917,36743
2014-2015,Gopalgonj,54197,29274
2014-2015,Shariatpur,36215,21802
2014-2015,Jamalpur,207753,214042
2014-2015,Sherpur,205805,172290
2014-2015,Kishoregonj,184012,188211
2014-2015,Netrokona,304282,287835
2014-2015,Mymenshing,638900,636761
2014-2015,Tangail,306072,263074
2014-2015,Barisal,293618,230758
2014-2015,Jhalakathi,110082,77925
2014-2015,Perojpur,151121,115192
2014-2015,Bhola,425541,334501
2014-2015,Patuakhali,502777,358070
2014-2015,Barguna,229281,163600
2014-2015,Jessore,322696,338975
2014-2015,Jhenaidah,211994,241220
2014-2015,Magura,140570,145287
2014-2015,Narail,87207,71785
2014-2015,Khulna,247129,255133
2014-2015,Bagerhat,204315,180613
2014-2015,Satkhira,230416,279166
2014-2015,Khustia,196630,207546
2014-2015,Chuadanga,90259,99997
2014-2015,Meherpur,58717,70650
2014-2015,Bogra,448004,480483
2014-2015,Joypurhat,166204,188077
2014-2015,Panchagar,220886,190075
2014-2015,Pabna,218728,210269
2014-2015,Sirajgonj,170323,199696
2014-2015,Rajshahi,527641,605457
2014-2015,Noagaon,180457,174355
2014-2015,Natore,129945,137678
2014-2015,Nababgonj,616823,614367
2014-2015,Dinajpur,300796,339766
2014-2015,Thakurgaon,228474,250306
2014-2015,Rangpur,388989,435563
2014-2015,Gaibandha,310915,322175
2014-2015,Kurigram,256283,244592
2014-2015,Nilphamari,263626,302918
2014-2015,Lalmonirhat,191750,211545
