Area,Bangladesh,Bangladesh,Bangladesh,Bangladesh,Bangladesh,Bangladesh,Bangladesh,Bangladesh,Bangladesh,Bangladesh,Bangladesh,Bangladesh,Bangladesh,Bangladesh,Bangladesh,Bangladesh,Bangladesh,Bangladesh,Bangladesh,Bangladesh,Bangladesh,Bangladesh,Bangladesh,Bangladesh,Bangladesh,Bangladesh,Bangladesh,Bangladesh,Bangladesh,Bangladesh,Bangladesh,Bangladesh,Bangladesh,Bangladesh,Bangladesh,Bangladesh,Bangladesh,Bangladesh,Bangladesh,Bangladesh,Bangladesh,Bangladesh,Bangladesh,Bangladesh,Bangladesh,Bangladesh,Bangladesh,Bangladesh,Bangladesh,Bangladesh,Bangladesh,Bangladesh,Bangladesh,Bangladesh,Bangladesh,Bangladesh,Bangladesh,Bangladesh,Bangladesh,Bangladesh,Bangladesh,Bangladesh,Bangladesh,Bangladesh,Bangladesh,Bangladesh,Bangladesh,Bangladesh,Bangladesh,Bangladesh,Bangladesh,Bangladesh,Bangladesh,Bangladesh,Bangladesh,Bangladesh,Bangladesh,Bangladesh,Bangladesh,Bangladesh,Bangladesh,Bangladesh,Bangladesh,Bangladesh,Bangladesh,Bangladesh,Bangladesh,Bangladesh,Bangladesh,Bangladesh,Bangladesh,Bangladesh,Bangladesh,Bangladesh,Bangladesh,Bangladesh,Bangladesh,Bangladesh,Bangladesh,Bangladesh,Bangladesh,Bangladesh,Bangladesh,Bangladesh,Bangladesh,Bangladesh,Bangladesh,Bangladesh,Bangladesh,Bangladesh,Bangladesh,Bangladesh,Bangladesh,Bangladesh,Bangladesh,Bangladesh,Bangladesh,Bangladesh,Bangladesh,Bangladesh,Bangladesh,Bangladesh,Bangladesh,Bangladesh,Bangladesh,Bangladesh,Bangladesh,Bangladesh,Bangladesh,Bangladesh,Bangladesh,Bangladesh,Bangladesh,Bangladesh,Bangladesh,Bangladesh,Bangladesh,Bangladesh,Bangladesh,Bangladesh,Bangladesh,Bangladesh,Bangladesh,Bangladesh,Bangladesh,Bangladesh,Bangladesh,Bangladesh,Bangladesh,Bangladesh,Bangladesh,Bangladesh,Bangladesh,Bangladesh,Bangladesh,Bangladesh,Bangladesh,Bangladesh,Bangladesh,Bangladesh,Bangladesh,Bangladesh,Bangladesh,Bangladesh,Bangladesh,Bangladesh,Bangladesh,Bangladesh,Bangladesh,Bangladesh,Bangladesh,Bangladesh,Bangladesh,Bangladesh,Bangladesh,Bangladesh,Bangladesh,Bangladesh,Bangladesh,Bangladesh,Bangladesh,Bangladesh,Bangladesh,Bangladesh,Bangladesh,Bangladesh,Bangladesh,Bangladesh,Bangladesh,Bangladesh,Bangladesh,Bangladesh,Bangladesh,Bangladesh
Item,Areca nuts,Areca nuts,Areca nuts,Bananas,Bananas,Bananas,Barley,Barley,Barley,"Bastfibres, other","Bastfibres, other","Bastfibres, other","Beans, dry","Beans, dry","Beans, dry","Beans, green","Beans, green","Beans, green",Berries nes,Berries nes,Berries nes,Cabbages and other brassicas,Cabbages and other brassicas,Cabbages and other brassicas,Castor oil seed,Castor oil seed,Castor oil seed,Cauliflowers and broccoli,Cauliflowers and broccoli,Cauliflowers and broccoli,Chick peas,Chick peas,Chick peas,"Chillies and peppers, dry","Chillies and peppers, dry","Chillies and peppers, dry",Coconuts,Coconuts,Coconuts,Cucumbers and gherkins,Cucumbers and gherkins,Cucumbers and gherkins,Fibre crops nes,Fibre crops nes,Fibre crops nes,"Fruit, fresh nes","Fruit, fresh nes","Fruit, fresh nes","Fruit, tropical fresh nes","Fruit, tropical fresh nes","Fruit, tropical fresh nes",Garlic,Garlic,Garlic,Ginger,Ginger,Ginger,Grapefruit (inc. pomelos),Grapefruit (inc. pomelos),Grapefruit (inc. pomelos),"Groundnuts, with shell","Groundnuts, with shell","Groundnuts, with shell",Jute,Jute,Jute,Lemons and limes,Lemons and limes,Lemons and limes,Lentils,Lentils,Lentils,Lettuce and chicory,Lettuce and chicory,Lettuce and chicory,Linseed,Linseed,Linseed,Maize,Maize,Maize,"Mangoes, mangosteens, guavas","Mangoes, mangosteens, guavas","Mangoes, mangosteens, guavas","Melons, other (inc.cantaloupes)","Melons, other (inc.cantaloupes)","Melons, other (inc.cantaloupes)",Millet,Millet,Millet,Oilseeds nes,Oilseeds nes,Oilseeds nes,"Onions, dry","Onions, dry","Onions, dry",Oranges,Oranges,Oranges,"Peas, dry","Peas, dry","Peas, dry",Pigeon peas,Pigeon peas,Pigeon peas,Pineapples,Pineapples,Pineapples,Potatoes,Potatoes,Potatoes,Pulses nes,Pulses nes,Pulses nes,"Rice, paddy","Rice, paddy","Rice, paddy",Sesame seed,Sesame seed,Sesame seed,Sorghum,Sorghum,Sorghum,Spices nes,Spices nes,Spices nes,Spinach,Spinach,Spinach,Sugar cane,Sugar cane,Sugar cane,Sugar crops nes,Sugar crops nes,Sugar crops nes,Sweet potatoes,Sweet potatoes,Sweet potatoes,"Tangerines, mandarins, clementines, satsumas","Tangerines, mandarins, clementines, satsumas","Tangerines, mandarins, clementines, satsumas",Tea,Tea,Tea,"Tobacco, unmanufactured","Tobacco, unmanufactured","Tobacco, unmanufactured",Tomatoes,Tomatoes,Tomatoes,"Vegetables, fresh nes","Vegetables, fresh nes","Vegetables, fresh nes",Wheat,Wheat,Wheat,"Cereals, Total","Cereals, Total","Cereals, Total","Citrus Fruit, Total","Citrus Fruit, Total","Citrus Fruit, Total",Fibre Crops Primary,Fibre Crops Primary,Fibre Crops Primary,Fruit Primary,Fruit Primary,Fruit Primary,Oilcrops,Oilcrops,Oilcrops,"Oilcrops, Cake Equivalent","Oilcrops, Cake Equivalent","Oilcrops, Cake Equivalent","Oilcrops, Oil Equivalent","Oilcrops, Oil Equivalent","Oilcrops, Oil Equivalent","Pulses, Total","Pulses, Total","Pulses, Total","Roots and Tubers, Total","Roots and Tubers, Total","Roots and Tubers, Total",Sugar Crops Primary,Sugar Crops Primary,Sugar Crops Primary,Vegetables Primary,Vegetables Primary,Vegetables Primary,All,,,,
Element,Area harvested,Production,Yield,Area harvested,Production,Yield,Area harvested,Production,Yield,Area harvested,Production,Yield,Area harvested,Production,Yield,Area harvested,Production,Yield,Area harvested,Production,Yield,Area harvested,Production,Yield,Area harvested,Production,Yield,Area harvested,Production,Yield,Area harvested,Production,Yield,Area harvested,Production,Yield,Area harvested,Production,Yield,Area harvested,Production,Yield,Area harvested,Production,Yield,Area harvested,Production,Yield,Area harvested,Production,Yield,Area harvested,Production,Yield,Area harvested,Production,Yield,Area harvested,Production,Yield,Area harvested,Production,Yield,Area harvested,Production,Yield,Area harvested,Production,Yield,Area harvested,Production,Yield,Area harvested,Production,Yield,Area harvested,Production,Yield,Area harvested,Production,Yield,Area harvested,Production,Yield,Area harvested,Production,Yield,Area harvested,Production,Yield,Area harvested,Production,Yield,Area harvested,Production,Yield,Area harvested,Production,Yield,Area harvested,Production,Yield,Area harvested,Production,Yield,Area harvested,Production,Yield,Area harvested,Production,Yield,Area harvested,Production,Yield,Area harvested,Production,Yield,Area harvested,Production,Yield,Area harvested,Production,Yield,Area harvested,Production,Yield,Area harvested,Production,Yield,Area harvested,Production,Yield,Area harvested,Production,Yield,Area harvested,Production,Yield,Area harvested,Production,Yield,Area harvested,Production,Yield,Area harvested,Production,Yield,Area harvested,Production,Yield,Area harvested,Production,Yield,Area harvested,Yield,Production,Area harvested,Production,Yield,Area harvested,Production,Yield,Area harvested,Production,Yield,Area harvested,Production,Yield,Area harvested,Production,Yield,Area harvested,Production,Yield,Area harvested,Production,Yield,Area harvested,Production,Yield,Area harvested,Production,Yield,Area harvested,Production,Yield,Area harvested,Production,Yield,Temperature,Rainfall,Total Yield,Total Area Harvested,Total Production
Unit,ha,tonnes,hg/ha,ha,tonnes,hg/ha,ha,tonnes,hg/ha,ha,tonnes,hg/ha,ha,tonnes,hg/ha,ha,tonnes,hg/ha,ha,tonnes,hg/ha,ha,tonnes,hg/ha,ha,tonnes,hg/ha,ha,tonnes,hg/ha,ha,tonnes,hg/ha,ha,tonnes,hg/ha,ha,tonnes,hg/ha,ha,tonnes,hg/ha,ha,tonnes,hg/ha,ha,tonnes,hg/ha,ha,tonnes,hg/ha,ha,tonnes,hg/ha,ha,tonnes,hg/ha,ha,tonnes,hg/ha,ha,tonnes,hg/ha,ha,tonnes,hg/ha,ha,tonnes,hg/ha,ha,tonnes,hg/ha,ha,tonnes,hg/ha,ha,tonnes,hg/ha,ha,tonnes,hg/ha,ha,tonnes,hg/ha,ha,tonnes,hg/ha,ha,tonnes,hg/ha,ha,tonnes,hg/ha,ha,tonnes,hg/ha,ha,tonnes,hg/ha,ha,tonnes,hg/ha,ha,tonnes,hg/ha,ha,tonnes,hg/ha,ha,tonnes,hg/ha,ha,tonnes,hg/ha,ha,tonnes,hg/ha,ha,tonnes,hg/ha,ha,tonnes,hg/ha,ha,tonnes,hg/ha,ha,tonnes,hg/ha,ha,tonnes,hg/ha,ha,tonnes,hg/ha,ha,tonnes,hg/ha,ha,tonnes,hg/ha,ha,tonnes,hg/ha,ha,tonnes,hg/ha,ha,tonnes,hg/ha,ha,tonnes,hg/ha,ha,hg/ha,tonnes,ha,tonnes,hg/ha,ha,tonnes,hg/ha,ha,tonnes,hg/ha,ha,tonnes,hg/ha,ha,tonnes,hg/ha,ha,tonnes,hg/ha,ha,tonnes,hg/ha,ha,tonnes,hg/ha,ha,tonnes,hg/ha,ha,tonnes,hg/ha,ha,tonnes,hg/ha,Celsius,MM,hg/ha,ha,tonnes
Y1961,82600,62995,7627,33600,446000,132738,29947,17272,5768,30900,34350,11117,68798,49784,7236,4266,15719,36847,500,2000,40000,5765,33185,57563,405,203,5012,5419,27363,50495,60299,36576,6066,70800,47000,6638,17800,49786,27970,2537,11062,43603,2400,2200,9167,9000,60000,66667,13000,120000,92308,9700,33600,34639,3000,20000,66667,500,2000,40000,11736,13208,11254,834000,1314540,15762,400,1000,25000,62727,42672,6803,8500,48000,56471,19425,10160,5230,8903,7112,7988,40000,508000,127000,6000,100000,166667,59500,39600,6655,5261,1016,1931,22300,136500,61211,2000,10000,50000,38000,25000,6579,5666,4064,7173,3600,19305,53625,55847,343408,61491,129501,95504,7375,8483516,14426184,17005,57466,26416,4597,809,1016,12559,37600,116800,31064,1350,6200,45926,112908,4018280,355890,9200,340000,369565,37000,330000,89189,700,5000,71429,32000,26542,8294,41300,25900,6271,8071,48905,60593,74138,362128,48845,56657,5738,32512,8639332,14523696,16811,3600,18000,50000,883083,1351090,15300,111000,1288305,116064,353693,208485,5895,353288,91554,2591,353693,64107,1813,364991,253600,6948,92847,673408,72529,122108,4358280,356920,157150,806500,51320,25.18,211.68,169533102,42398532,84789514
Y1962,82600,55882,6765,34800,512100,147155,33589,18288,5445,30900,34900,11294,73654,49784,6759,3952,15034,38041,600,3000,50000,5340,31738,59434,405,203,5012,5019,26170,52142,57466,37592,6542,70000,48000,6857,18600,51819,27860,2350,10579,45017,2000,1800,9000,9000,60000,66667,13000,127000,97692,9700,34500,35567,3300,22000,66667,500,2000,40000,9308,13208,14190,697300,1190160,17068,800,2000,25000,64346,47752,7421,9000,51000,56667,19830,10160,5124,6880,5080,7384,44000,504000,114545,6000,100000,166667,61500,39600,6439,4856,1016,2092,23500,130600,55574,3000,15000,50000,40000,26000,6500,4047,3048,7532,5700,21163,37128,55847,336296,60217,138809,93472,6734,8694360,13304520,15302,53014,26416,4983,809,1016,12559,31600,94500,29905,1350,6300,46667,117360,4488688,382472,9500,350000,368421,39000,350000,89744,700,5000,71429,33000,23387,7087,43700,31800,7277,7476,46771,62562,68672,346329,50432,58680,6753,39624,8855818,13408128,15140,5000,24000,48000,746388,1226860,16437,119900,1367263,114034,360968,216614,6001,360563,95374,2645,360968,66688,1847,378322,257648,6810,94847,686296,72358,126860,4838688,381420,150350,779200,51826,25.16,179.08,169551801,42403442,84799234
Y1963,82200,58931,7169,34000,469400,138059,30756,21336,6937,31700,34170,10779,67988,47752,7024,4281,15444,36076,600,3000,50000,5785,32604,56360,405,203,5012,5438,26884,49437,55847,34544,6185,73200,48700,6653,19400,50803,26187,2545,10868,42703,1650,1500,9091,9000,60000,66667,13000,127000,97692,10900,35200,32294,3600,24000,66667,600,2500,41667,8094,12192,15063,688000,1105200,16064,800,2000,25000,72035,48768,6770,9500,54000,56842,23067,11176,4845,5261,4064,7725,41000,531000,129512,6000,100000,166667,51800,36600,7066,5261,2032,3862,25500,140300,55020,3500,17000,48571,40000,26000,6500,3642,3048,8369,6100,36577,59962,57871,362712,62676,128287,89408,6969,9007995,15934944,17690,52205,25400,4865,809,1016,12559,29500,81300,27559,1400,6400,45714,128691,4824984,374928,9700,360000,371134,41000,370000,90244,700,5000,71429,36000,24599,6833,41300,29100,7046,8099,48048,59326,74395,355784,47824,73654,6069,44704,9170275,16042664,17494,5600,26500,47321,737088,1140870,15478,117200,1370477,116935,357271,216614,6063,356866,96248,2697,357271,66860,1871,367799,249520,6784,98871,732712,74108,138391,5184984,374662,163000,807900,49564,25.28,189.57,184266938,46082063,92156326
Y1964,79700,56898,7139,36000,571100,158639,23877,13208,5532,37700,44900,11910,66773,48768,7304,4329,16432,37958,600,3000,50000,5850,34690,59299,405,203,5012,5499,28604,52017,51800,33528,6473,78500,53200,6777,19000,62995,33155,2574,11563,44922,1300,1200,9231,9000,60000,66667,14000,129000,92143,10500,34000,32381,3900,26000,66667,600,2500,41667,9308,12192,13098,671800,983880,14645,1200,3000,25000,67583,47752,7066,10000,57000,57000,20639,9144,4430,4047,3048,7532,42000,536000,127619,6000,100000,166667,48900,36600,7485,4856,2032,4185,25500,132100,51804,3900,20000,51282,50000,33000,6600,3642,3048,8369,7300,44714,61252,55442,324104,58458,140833,107696,7647,9228955,15753588,17070,50991,22352,4384,809,1016,12559,29900,77200,25819,1400,6500,46429,140023,5448808,389137,10000,370000,370000,44000,400000,90909,800,6000,75000,37000,28233,7631,40900,28200,6895,8190,51123,62421,75231,378549,50318,57466,6011,34544,9364054,15842004,16918,6500,31500,48462,724964,1029980,14207,123400,1493314,121014,321708,208486,6481,321303,85244,2653,321708,60632,1885,380631,273792,7193,99442,724104,72817,150023,5818808,387861,164400,838200,50985,25.44,209.28,189483335,47386391,94764882
Y1965,71200,46738,6564,40500,619800,153037,20639,12192,5907,50700,54540,10757,67583,48768,7216,4251,17750,41755,600,3000,50000,5745,37472,65225,405,203,5012,5400,30898,57219,51396,37592,7314,78500,51700,6586,21000,85348,40642,2528,12490,49407,1100,1000,9091,9000,60000,66667,17000,156000,91765,10500,36500,34762,4200,28000,66667,600,2500,41667,10117,14224,14060,886000,1319220,14890,800,2000,25000,66369,44704,6736,10500,60000,57143,21448,9144,4263,4047,3048,7532,38000,480000,126316,6000,100000,166667,53000,50800,9585,4856,2032,4185,27500,145200,52800,3900,20000,51282,50000,33000,6600,3642,3048,8369,7700,45162,58652,55442,401320,72386,142046,105664,7439,9360480,15750540,16827,50182,24384,4859,809,1016,12559,12900,41700,32326,1450,6600,45517,144070,6330696,439418,10500,390000,371429,46000,440000,95652,700,5000,71429,38000,26592,6998,41700,27200,6523,8043,55221,68657,73881,408903,55346,53419,6467,34544,9492394,15852140,16700,6000,29500,49167,952774,1374760,14429,127000,1512462,119091,308735,235919,7641,308330,89451,2901,308735,65408,2119,381036,272776,7159,101442,841320,82936,154570,6720696,434800,164850,905700,54941,25.16,198.27,201169731,50307837,100607624
Y1966,44900,24385,5431,42100,760000,180523,21900,12200,5571,23500,26140,11123,78915,60960,7725,4222,18244,43212,800,3700,46250,5705,38515,67511,405,203,5012,5363,31758,59217,54600,43700,8004,77700,52800,6795,36800,92461,25125,2510,12838,51147,900,850,9444,9000,60000,66667,15800,143300,90696,13800,50800,36812,4400,30000,68182,700,3000,42857,16600,24400,14699,876200,1255680,14331,1500,4000,26667,68000,46700,6868,11000,63000,57273,21900,9100,4155,3600,3000,8333,38000,495000,130263,6000,100000,166667,52200,49786,9538,4856,2032,4185,28300,150400,53145,1100,9000,81818,55000,36000,6545,3642,3048,8369,8100,56900,70247,60700,493800,81351,150100,101600,6769,9075000,14363000,15827,50200,27400,5458,809,711,8789,13400,39600,29552,1450,6700,46207,153400,7671200,500078,11300,420000,371681,44100,454000,102948,700,4000,57143,39765,28600,7192,44100,27300,6190,7987,56759,71064,71000,500000,70423,55000,6473,35600,9208509,14464297,15708,4000,20000,50000,915200,1282670,14015,126323,1658190,131266,337161,260196,7717,336756,98098,2913,337161,72484,2150,410257,292008,7118,104800,947800,90439,164700,8091200,491269,166284,1026315,61721,25.49,177.89,208221833,52071085,104134020
Y1967,38900,26925,6922,43700,741700,169725,22700,15200,6696,51100,57960,11342,74058,57912,7820,4236,19011,44880,800,3000,37500,5725,40134,70103,405,203,5012,5381,33093,61500,59100,48800,8257,80500,55900,6944,37600,94493,25131,2519,13378,53108,350,350,10000,9000,60000,66667,16700,207300,124132,14600,54900,37603,4700,32000,68085,700,3000,42857,28300,41700,14735,971000,1264140,13019,1500,4000,26667,70800,49800,7034,11500,65000,56522,17800,9100,5112,3200,3000,9375,38000,510000,134211,6000,100000,166667,52600,46738,8886,4856,3048,6277,34400,198100,57587,1100,10000,90909,60000,39000,6500,3642,3048,8369,10100,92451,91536,70400,600500,85298,141600,85300,6024,9889400,16757000,16944,52200,30500,5843,809,610,7540,13400,41700,31119,1500,6800,45333,164300,8200000,499087,12400,450000,362903,58700,733000,124872,700,4000,57143,40975,29300,7151,45700,38100,8337,8015,59144,73792,73000,520000,71233,68000,7926,53900,10036709,16876448,16815,4000,21000,52500,1037050,1322450,12752,130710,1762864,134868,352861,290744,8240,352456,111285,3157,352861,82274,2332,409200,283860,6937,129100,1333500,103292,176700,8650000,489530,175876,1110950,63167,25.1,181.23,230825263,57721799,115435298
Y1968,38000,28449,7487,43284,767100,177225,24700,16300,6599,25205,26926,10683,78834,60765,7708,4192,21616,51565,600,3300,55000,5665,45634,80554,425,264,6212,5325,37628,70663,61500,47800,7772,86200,59900,6949,25326,80258,31690,2493,15211,61015,297,268,9024,9300,60000,64516,17000,219500,129118,14600,54900,37603,5000,34000,68000,700,3000,42857,33600,52800,15714,897000,1055160,11763,1500,4000,26667,68400,47800,6988,12000,68000,56667,15000,7100,4733,3200,3000,9375,39000,568000,145641,6600,110000,166667,82419,65816,7986,3642,2032,5579,34400,198100,57587,1100,10000,90909,65000,43000,6615,3642,3048,8369,10500,96500,91905,76100,712300,93601,109300,88400,8088,9742100,17015504,17466,53000,31500,5943,1078,508,4712,11700,30500,26068,1500,6800,45333,166700,7710800,462555,13800,500000,362319,66800,772000,115569,700,4000,57143,42443,28500,6715,45300,39100,8631,7931,67251,84795,75000,530000,70667,77700,7580,58900,9931197,17160028,17279,4000,21000,52500,936302,1082354,11560,132730,1868358,140764,359293,302754,8426,358868,123599,3444,359293,90036,2506,386676,290813,7521,142900,1484300,103870,180500,8210800,454892,177948,1160427,65212,25.49,210.46,228212795,57068682,114129064
Y1969,40900,26400,6455,43083,744744,172863,28300,18300,6466,38731,44283,11433,78951,61979,7850,4150,23171,55834,591,2852,48257,5969,50457,84532,426,269,6315,5590,40942,73242,68400,54900,8026,87400,62000,7094,25781,83021,32202,2573,16231,63082,259,197,7606,9340,61832,66201,18000,216400,120222,14600,54900,37603,5030,36867,73294,700,3000,42857,32400,52800,16296,976000,1340820,13738,1500,4000,26667,71600,51800,7235,12897,72084,55892,14600,7100,4863,3200,3000,9375,40076,451294,112610,6574,110241,167692,81414,64794,7959,5665,1829,3229,33200,185900,55994,1500,10200,68000,68000,45000,6618,3731,3050,8175,10900,105700,96972,84200,799600,94964,149080,122610,8224,10314000,18007296,17459,50200,30500,6076,1086,508,4678,29716,52848,17784,1550,7000,45161,164700,7414100,450158,14634,537755,367470,69969,805926,115183,702,4775,68020,43302,30318,7002,45700,40600,8884,8486,77596,91440,64047,475623,74262,117400,7964,93500,10545400,18187398,17247,4402,21975,49920,1028790,1385300,13465,135524,1738686,128294,366272,313719,8565,365846,128494,3512,366272,93144,2543,439762,339339,7716,154169,1605526,104141,179334,7951855,443410,168499,1128965,67001,25.37,189.28,234928587,58747712,117486874
Y1970,40100,26385,6580,39204,593400,151362,29500,19300,6542,27305,28380,10394,75392,61098,8104,4549,25203,55403,600,2400,40000,6127,51371,83844,439,284,6469,5696,42232,74143,70000,57900,8271,89000,67100,7539,24943,56675,22722,2736,17390,63560,263,198,7529,10216,63498,62155,17500,209300,119600,14200,54900,38662,5042,37362,74102,700,3000,42857,28300,46700,16502,918000,1233900,13441,1500,4000,26667,90000,63000,7000,11483,64595,56253,14600,7100,4863,3200,3000,9375,41659,399572,95915,6408,108839,169849,79803,62401,7819,2833,1321,4663,32800,181900,55457,1700,12200,71765,70000,46000,6571,3327,2677,8046,9737,93500,96025,85400,864700,101253,141917,120736,8508,9912800,16714900,16862,44900,27400,6102,1098,914,8324,29249,51078,17463,1600,7100,44375,165900,7518800,453213,12977,738836,569343,72741,852054,117135,777,4313,55508,45604,31295,6862,45700,41200,9015,8529,75559,88591,67727,502615,74212,119800,8740,104700,10146201,16905215,16662,4677,23513,50274,952868,1262478,13249,132441,1516278,114487,341015,271080,7949,340576,119476,3508,341015,85158,2497,450636,351411,7798,158141,1716754,108558,178877,8257636,461638,171408,1153326,67285,25.27,220.73,230253849,57578906,115149112
Y1971,40100,23369,5828,37984,595751,156843,37200,26400,7097,23316,21531,9234,71460,60604,8481,4502,24162,53669,500,2200,44000,6119,51773,84610,389,243,6247,5767,42593,73856,73200,61000,8333,88600,64000,7223,24836,57376,23102,2717,17943,66040,265,202,7623,10077,62457,61980,17400,190000,109195,13400,49800,37164,5018,36600,72937,700,3000,42857,26657,36390,13651,694000,777600,11205,1500,4000,26667,100000,69000,6900,11367,63640,55987,14600,7500,5137,2800,2000,7143,41700,421660,101118,6698,106746,159370,66632,51214,7686,2251,1028,4567,33200,178800,53855,1800,10700,59444,80000,53000,6625,3337,2684,8043,9848,90982,92386,86600,862600,99607,145718,119229,8182,9297682,14896689,16022,47515,28977,6098,1028,775,7539,28270,51885,18353,1650,7200,43636,163500,7719900,472165,12700,697071,548875,72735,831896,114374,647,3932,60773,45604,12007,2633,43700,47700,10915,8581,73151,85248,67074,498078,74258,125900,8880,111800,9531242,15088878,15831,4647,21632,46550,728881,799333,10967,131132,1511383,115257,342448,274814,8025,342059,123097,3599,342448,86897,2538,473715,365517,7716,159335,1694496,106348,176200,8416971,477694,170362,1136646,66719,24.68,177.08,218938504,54749960,109491070
Y1972,37683,21448,5692,37557,585987,156026,28700,21300,7422,24038,24012,9989,87000,70000,8046,3923,20966,53444,524,2099,40057,5192,41048,79060,350,202,5771,4860,33901,69755,71669,59520,8305,82335,58987,7164,25101,58316,23233,2363,14052,59467,443,242,5463,9392,57146,60845,17721,192000,108346,13000,43700,33615,4916,34597,70376,700,3000,42857,22893,31498,13759,896261,1201860,13410,1500,4000,26667,120000,83000,6917,8490,41480,48857,20000,9000,4500,2800,2000,7143,41044,365692,89098,6222,99700,160238,67988,50802,7472,1847,833,4510,30800,159500,51786,1200,8100,67500,85000,59000,6941,2916,2162,7414,10860,99172,91319,76236,752797,98746,200000,136000,6800,9629708,15133678,15716,47723,25869,5421,1032,745,7219,27179,44856,16504,1700,7400,43529,140421,5776860,411396,12644,576471,455925,67233,747117,111124,841,3612,42949,45604,24068,5278,41066,34724,8456,7373,61253,83077,57896,410210,70853,127259,9038,115012,9857487,15323537,15545,4241,18712,44122,929642,1226114,13189,129888,1439920,110859,315535,243863,7729,315185,105714,3354,315535,75357,2388,566585,409682,7231,143469,1499914,104546,153065,6353331,415074,149488,941470,62980,25.19,143.15,203158831,50805140,101601180
Y1973,37573,21550,5736,37462,588181,157007,25900,16300,6293,21929,22558,10287,105000,80000,7619,5948,22327,37537,510,2032,39843,4927,35973,73012,346,202,5838,4715,30796,65315,90000,60000,6667,77662,52300,6734,25204,57742,22910,2388,13666,57228,471,273,5796,9832,54592,55525,18177,197185,108480,12404,41123,33153,5148,35212,68399,771,3370,43709,20823,28099,13494,888857,1115820,12553,1466,4024,27449,150000,104000,6933,7574,34251,45222,30000,14000,4667,2724,2382,8744,41410,341698,82516,6139,94726,154302,66780,48443,7254,1545,702,4544,31160,155455,49889,2096,8164,38950,90000,59000,6556,2880,2083,7233,12205,111440,91307,79554,758710,95370,200000,140000,7000,9878297,17862704,18083,43530,25447,5846,989,720,7280,26298,40796,15513,1722,7564,43926,128327,5403684,421087,12679,541127,426790,63704,691366,108528,838,3605,43019,45604,27216,5968,47086,39877,8469,6859,53180,77533,58007,387816,66857,120132,7572,90963,10094822,18021512,17852,5171,19163,37059,918797,1138651,12393,133350,1428088,107093,320469,237437,7409,320123,103321,3228,320469,73399,2290,637880,445083,6978,143258,1450076,101221,141006,5944811,421600,149805,885163,59088,25.28,212.16,210534182,52649170,105289054
Y1974,37116,21419,5771,36830,575120,156155,24453,15419,6306,15402,13319,8648,130000,90000,6923,5995,22229,37079,522,2433,46609,5006,36674,73260,276,150,5435,4881,32331,66238,110000,75000,6818,66822,44147,6607,26542,61857,23305,2426,13839,57045,490,294,6000,10265,55128,53705,18104,193451,106855,12553,41222,32838,5271,36223,68721,816,3321,40699,19462,26356,13542,583000,725760,12449,1506,3842,25511,180000,124000,6889,7638,34525,45202,40000,18000,4500,2656,2358,8878,41600,300903,72332,5937,88706,149412,68682,46410,6757,1391,598,4299,30916,148916,48168,2068,7712,37292,100000,66000,6600,2947,2216,7520,12863,124253,96597,80058,730067,91192,200000,150000,7500,9792191,16929568,17289,51062,28439,5570,909,730,8031,25016,36781,14703,1766,7773,44015,147483,6443484,436897,12777,544918,426484,60578,636845,105128,915,3675,40164,43162,32169,7453,46392,41599,8967,6835,52545,76876,61845,407314,65860,123437,8987,110929,10012328,17105414,17084,5305,18550,34967,606193,739373,12197,133949,1377834,102863,322503,237743,7372,322227,101660,3155,322503,72693,2254,722947,507216,7016,140636,1366912,97195,160260,6988402,436067,152851,890143,58236,24.98,223.93,212310187,53093320,106177101
Y1975,37336,22424,6006,37211,578318,155416,25550,16367,6406,13363,13745,10286,140000,100000,7143,6632,26332,39704,522,2433,46609,5783,44051,76173,282,166,5887,5381,37406,69515,130000,90000,6923,78856,50192,6365,26092,61903,23725,2307,12457,53997,434,266,6129,9753,49010,50251,18500,196254,106083,12719,42105,33104,5405,36925,68316,866,3428,39584,22250,31599,14202,511000,788580,15432,1514,3589,23705,200000,138000,6900,8355,37910,45374,50000,23000,4600,2481,2239,9025,40924,283732,69331,7171,104760,146088,64530,43939,6809,1325,590,4453,31145,145578,46742,2185,8057,36874,110000,73000,6636,5000,3600,7200,14356,138489,96468,93864,880372,93792,200000,150000,7500,10329868,19142624,18531,54301,28876,5318,894,681,7617,25345,37551,14816,1999,8986,44952,153602,6741283,438880,12535,495157,395020,66557,718678,107979,931,3580,38453,43161,29388,6809,45624,40370,8848,7972,61430,77057,64508,478468,74172,126037,9260,116714,10549360,19322564,18316,5496,18654,33941,531000,802591,15115,136485,1390716,101895,356647,264836,7426,356365,117069,3285,356647,82660,2318,785000,554600,7065,160421,1599050,99678,166137,7236440,435571,159984,990379,61905,25.16,185.38,228525182,57148026,114285067
Y1976,37049,23765,6414,37735,588625,155989,25558,17126,6701,14542,14959,10287,170000,110000,6471,6989,29108,41648,535,2515,47009,5917,44746,75623,344,189,5494,5585,38441,68829,160000,112000,7000,79232,52888,6675,26533,65307,24614,2402,12853,53510,398,256,6432,10152,51891,51114,18883,205887,109033,11932,38501,32267,5350,35684,66699,884,3551,40170,20975,23336,11126,650000,872000,13415,1588,3883,24452,250000,173000,6920,8871,41816,47138,55000,25000,4545,2398,2152,8974,42820,271450,63393,7746,109942,141934,62572,41741,6671,1248,569,4559,33172,149975,45211,2321,8581,36971,115000,72000,6261,8000,5800,7250,14644,143822,98212,95932,903025,94132,200000,150000,7500,9882050,17628320,17839,51568,27743,5380,832,613,7368,23194,33727,14541,2088,9540,45690,133040,5980663,449539,12704,484837,381641,71547,790599,110501,929,3580,38536,43099,34097,7911,49200,45176,9182,7752,58214,75095,65500,434883,66394,150102,14535,218174,10123512,17908126,17690,5722,19595,34245,670250,887215,13237,140779,1412982,100369,353906,255804,7228,353562,111942,3166,353906,79020,2233,903000,622800,6897,167479,1693624,101125,145744,6465500,443620,163146,950995,58291,25.28,191.5,217416886,54371458,108731288
Y1977,37387,25665,6865,37992,589714,155221,23484,14744,6278,15176,16344,10770,175000,115000,6571,6479,24555,37899,528,2502,47386,5739,43162,75208,372,215,5780,5573,37208,66765,191000,125000,6545,77069,45367,5887,26867,68497,25495,2351,12452,52965,393,242,6158,10573,50198,47478,19114,206330,107947,12939,41526,32094,5306,35193,66327,933,3547,38017,23472,27692,11798,735000,972000,13224,1465,3449,23543,291000,172000,5911,8219,37365,45462,60000,28000,4667,2333,1961,8405,43042,268339,62344,7764,105468,135842,64044,44243,6908,1230,586,4764,31912,138347,43353,2333,8693,37261,126000,79000,6270,10000,7200,7200,14594,143706,98469,77377,735336,95033,200000,150000,7500,10027652,19451488,19398,54838,29958,5463,818,589,7200,23576,33432,14181,2102,9536,45366,144590,6503802,449810,12849,468355,364507,70590,755565,107036,925,3556,38443,42998,37022,8610,68053,63534,9336,7786,53399,68583,63081,409969,64991,160047,16211,259456,10278378,19772481,19237,5656,19245,34026,755935,988586,13078,141883,1405707,99075,366429,271846,7419,366057,118679,3242,366429,83843,2288,993000,648200,6528,147967,1490901,100759,157439,6972157,442848,159159,896754,56343,24.98,197.12,229938086,57501682,114991726
Y1978,37118,25828,6958,38211,596393,156079,21327,13474,6318,16062,18659,11617,194000,124000,6392,6878,32930,47877,527,2291,43472,5743,45753,79667,372,203,5457,5705,39311,68906,140000,105000,7500,82547,49664,6016,27355,66871,24446,2329,12208,52417,394,238,6041,10423,46388,44505,19065,193467,101478,12357,39419,31900,5306,34842,65665,991,3769,38032,24971,28023,11222,835000,1170000,14012,1451,3325,22915,293000,175000,5973,8594,43304,50389,65000,31000,4769,2215,1770,7991,43292,254836,58864,8045,112084,139321,56253,38483,6841,1170,508,4342,33036,147732,44718,2392,8479,35447,100000,66000,6600,15000,11000,7333,14632,139627,95426,90031,913846,101503,200000,150000,7500,10101807,19582160,19385,80000,52000,6500,715,515,7203,23570,34095,14465,2078,9571,46059,153811,6777069,440610,13004,478964,368321,71839,782826,108970,765,2398,31346,43183,38305,8870,55517,49873,8983,8227,61065,74225,65179,422961,64892,188938,18419,347997,10371255,19984399,19269,5599,17971,32097,858140,1188897,13854,142495,1383529,97093,411347,316251,7688,410975,143953,3503,411347,101860,2476,942000,631000,6699,161870,1696672,104817,166815,7256033,434975,163677,949758,58026,25.07,190.85,236893063,59240605,118469561
Y1979,36661,26458,7217,39044,616393,157871,19952,12592,6311,13740,15473,11261,178000,114000,6404,6866,32650,47553,617,2629,42609,6192,47805,77204,350,198,5657,5939,41963,70657,127000,95000,7480,83467,52523,6293,28395,71839,25300,2378,12375,52040,415,260,6265,10720,45446,42394,19708,198383,100661,12505,40343,32261,5625,37091,65940,1038,4079,39297,24000,27000,11250,760000,1080000,14211,1518,3530,23254,295000,176000,5966,8721,44625,51170,70000,33000,4714,2004,1456,7265,43213,214100,49545,8118,111092,136847,59959,40040,6678,988,452,4575,31535,135527,42977,2432,8606,35387,68000,44000,6471,9600,7500,7813,14779,142129,96170,96676,909319,94058,200000,150000,7500,10159848,19109472,18809,95000,50000,5263,1300,1000,7692,22888,33294,14546,2245,10251,45661,154901,6937494,447866,12964,469200,361925,72901,794952,109045,782,2422,30972,43183,36610,8478,49798,43744,8784,8549,64722,75707,66922,434717,64959,264753,18660,494031,10507816,19658591,18709,5770,18637,32300,780167,1095733,14045,144759,1369120,94579,580745,405792,6987,580395,195630,3371,580745,134637,2318,877600,586500,6683,169577,1704271,100501,167865,7406694,441229,165450,960466,58052,25.82,190.22,239981075,60012932,120013368
Y1980,36227,23767,6561,40226,652101,162109,19557,12694,6491,10221,9845,9632,170000,109000,6412,6904,32304,46790,613,2165,35318,6297,49333,78344,490,366,7469,6129,43401,70813,128000,85000,6641,80995,49777,6146,29166,76717,26304,2398,11908,49658,409,257,6284,11048,46478,42069,20202,204035,100997,12437,37484,30139,5706,37293,65358,1062,4104,38644,26000,30000,11538,635000,896000,14110,1578,3449,21857,289000,169000,5848,8706,44063,50612,70000,33000,4714,1927,1377,7146,43280,206945,47815,8239,115585,140290,53044,39542,7455,743,335,4509,32051,141652,44196,2442,8566,35078,62000,42000,6774,9300,7300,7849,14433,153365,106260,96482,917120,95056,250000,160000,6400,10308931,20821008,20197,90000,48000,5333,1300,1000,7692,22777,33286,14614,2432,11359,46706,151194,6676010,441553,13276,474160,357156,72355,791270,109359,781,2431,31127,44091,39708,9006,45091,39524,8765,8763,66007,75325,69406,433152,62408,433221,18990,822706,10817980,21698327,20058,5863,18550,31639,653225,906102,13871,146713,1419943,96784,575994,433633,7528,575504,208684,3626,575994,143136,2485,908300,572300,6301,168837,1708390,101186,164470,7150170,434740,169193,966205,57107,25.42,183.89,248406392,62120170,124226549
Y1981,36432,25051,6876,42385,683855,161344,18351,11640,6343,9758,9730,9971,155000,98000,6323,7017,31807,45328,567,1905,33598,6696,52247,78027,437,284,6499,6558,46586,71037,128000,81000,6328,73605,40414,5491,29935,77275,25814,2432,11999,49338,856,521,6086,11389,52027,45682,20836,207500,99587,12950,41715,32212,5486,34419,62740,1107,4257,38455,26000,26000,10000,570000,842000,14772,1627,3712,22815,285000,169000,5930,8670,43675,50375,75000,35000,4667,1841,1344,7300,43682,202898,46449,7934,100693,126913,70064,39020,5569,722,325,4501,30099,95088,31592,2441,8564,35084,58000,38000,6552,9300,7000,7527,14645,155822,106399,102128,998909,97810,250000,160000,6400,10460925,20445872,19545,100000,55000,5500,1300,1000,7692,22364,32654,14601,2607,12393,47537,148774,6598838,443548,13108,460964,351666,67907,704377,103727,780,2433,31192,45165,38772,8585,51388,47378,9220,8753,64971,74227,69194,445101,64327,591216,18479,1092513,11143697,21591389,19375,5955,18966,31849,597132,852251,14272,150487,1448559,96258,620612,437242,7045,620175,204190,3292,620612,138236,2227,885300,553000,6246,170035,1703286,100173,161882,7059802,436108,168946,943900,55870,25.04,216.07,249872499,62487509,124960018
Y1982,35368,24091,6812,42772,698786,163375,15128,10406,6879,9505,9116,9591,148000,98000,6622,8406,32457,38612,616,2066,33539,6960,55334,79503,480,260,5417,6905,51910,75177,116000,78000,6724,75643,44249,5850,29952,77341,25822,2555,12205,47769,961,624,6493,13339,54038,40511,21253,208640,98170,12942,41738,32250,6532,41150,62998,1207,4481,37125,24000,26000,10833,575000,885000,15391,1710,4122,24105,248000,161000,6492,8844,45458,51400,75000,35000,4667,1588,1173,7387,45423,183807,40466,7821,102500,131057,43763,35040,8007,542,255,4705,33528,131607,39253,2495,8684,34806,48000,31000,6458,9600,7000,7292,14759,156257,105872,107665,1095151,101718,250000,160000,6400,10585735,21324640,20145,100000,58000,5800,1300,1000,7692,22060,32649,14800,2785,12965,46553,161008,7135963,443205,13350,459868,344470,66225,691527,104421,782,1973,25230,44543,40937,9190,55004,51046,9280,8775,65290,74405,72503,461001,63584,534068,18114,967389,11181582,22339648,19979,6194,19260,31095,605479,894740,14777,155302,1451522,93464,613987,458633,7470,613507,216339,3526,613987,146107,2380,819600,535000,6528,173890,1786678,102748,174358,7595831,435646,178733,1014888,56782,25.22,178.98,257342403,64355114,128694478
Y1983,35613,23000,6458,41940,674708,160875,12633,8844,7001,8732,8599,9848,144300,93900,6507,7870,34550,43901,643,2719,42286,7315,58095,79419,461,280,6074,7270,52197,71798,118000,87000,7373,75526,46397,6143,30274,79256,26180,2620,12315,47004,968,602,6219,12408,54943,44280,21510,210970,98080,12968,42427,32717,6418,38573,60101,1422,5680,39944,24000,26000,10833,581000,946000,16282,1880,4875,25931,240000,147000,6125,9036,46240,51173,73000,40000,5479,1230,963,7829,45854,196125,42772,8645,116158,134364,150545,123000,8170,619,320,5170,33872,140438,41461,2566,9350,36438,46000,29000,6304,7200,5700,7917,13765,136613,99247,110085,1131098,102748,250000,170000,6800,9738460,21761008,22345,102298,56643,5537,1300,1000,7692,21127,30859,14606,2825,13280,47009,165769,7358380,443894,13443,418220,311106,66070,713555,108000,804,2260,28109,44575,42202,9468,52369,50447,9633,9250,69545,75184,76246,481202,63112,519385,21090,1095370,10423553,22990185,22056,6672,22165,33221,608215,955201,15705,154645,1441918,93241,604167,464933,7695,603706,221151,3663,604167,149571,2476,805500,532600,6612,176155,1844653,104718,179212,7776600,433933,184474,1059473,57432,25.2,224.23,259526661,64901470,129786835
Y1984,35182,24200,6879,40476,689767,170414,9605,6461,6727,9063,8457,9331,135100,89400,6617,8037,35385,44028,775,3235,41742,7430,60855,81904,475,280,5895,7284,56899,78115,113300,86800,7661,75527,46018,6093,30859,83051,26913,2630,12000,45627,1483,950,6406,12935,52207,40361,22310,221360,99220,13071,42803,32747,6311,38813,61501,1476,6874,46572,32191,33335,10355,676000,928000,13728,1967,5294,26914,240400,161200,6705,9055,47231,52160,77618,40813,5258,1131,925,8179,44846,158622,35370,9000,122518,136131,133143,103000,7736,595,325,5462,33374,135878,40714,2614,9459,36186,45100,27800,6164,7200,5700,7917,13306,131653,98943,110194,1147686,104151,250700,176400,7036,10223443,21933456,21454,85566,46251,5405,1700,1300,7647,21027,30898,14694,2813,13324,47366,166627,7169220,430256,13452,425424,316253,65266,713033,109250,814,2465,30283,44553,37900,8507,51673,47834,9257,9530,72335,75902,77991,494920,63459,526097,23021,1211132,10895119,23256274,21346,6871,24092,35063,702074,937407,13352,153862,1430737,92988,606907,475620,7837,606432,226754,3739,606907,153373,2527,791800,547300,6912,175460,1860719,106048,180079,7594644,421740,186728,1082830,57990,25.25,243.75,262046312,65531488,131046839
Y1985,34559,22700,6568,40580,691405,170381,24725,15491,6265,10360,9732,9394,128600,77500,6026,8314,36090,43409,969,3984,41115,7555,63805,84454,475,280,5895,7480,60345,80675,108900,81200,7456,72061,44753,6210,30750,83015,26997,2634,11439,43428,1500,950,6333,13743,56156,40862,23210,229060,98690,12705,39888,31396,6236,39620,63534,1766,7265,41138,28104,32228,11467,924000,1378000,14913,2197,6311,28726,233400,164200,7035,9225,47595,51593,67680,36906,5453,3772,3270,8669,45261,162652,35936,9708,123705,127426,128691,95000,7382,525,295,5619,34058,140695,41310,2653,9209,34712,46100,29900,6486,7100,5400,7606,13010,127790,98224,111280,1159385,104186,253400,187500,7399,10398170,22556288,21693,92001,53716,5839,1697,1286,7578,21610,34175,15814,2875,13775,47913,163635,6878040,420328,13450,389536,289618,61485,682600,111019,801,2130,26592,44610,43285,9703,51855,49334,9514,9548,71665,75058,77023,478940,62181,676125,21647,1463630,11233180,24134965,21485,7417,24915,33592,952790,1388682,14575,157298,1447872,92046,621614,507288,8161,621139,245926,3959,621614,166697,2682,777500,545700,7019,172765,1841985,106618,177085,7267576,410400,187109,1073727,57385,25.53,186.48,268641511,67180681,134344712
Y1986,33945,23055,6792,40975,759110,185262,21996,14073,6398,9331,9676,10370,122800,80000,6515,8549,37025,43309,1005,4020,40000,7405,63320,85510,500,300,6000,7415,59375,80074,103634,77579,7486,68865,44100,6404,31325,83330,26602,2830,12480,44099,1511,955,6320,14136,55464,39236,23635,234580,99251,12390,36030,29080,6330,40960,64708,1875,7620,40640,29546,34522,11684,1057942,1571019,14850,2300,6565,28543,222500,159600,7173,9182,46755,50920,68337,37208,5445,3158,2920,9246,46080,159015,34508,9825,123825,126031,127967,96136,7513,525,295,5619,33775,136615,40449,2489,8441,33913,43700,29600,6773,5906,4341,7350,13075,132990,101713,108410,1102790,101724,239300,170900,7142,10609152,23110032,21783,84551,49059,5802,1737,1345,7743,21600,35445,16410,2965,13870,46779,160220,6640480,414460,12926,361071,279337,55840,611980,109595,768,1732,22552,45700,38000,8315,53510,46475,8685,9705,71185,73349,79034,486230,61522,540310,19282,1041825,11304320,24266331,21466,7432,24358,32774,1081495,1581650,14625,159653,1522062,95336,597111,476887,7987,596611,228492,3830,597111,155701,2608,737840,522020,7075,164250,1714770,104400,173146,7001551,404373,189620,1076255,56759,25.41,201.47,264909955,66247601,132478367
Y1987,34233,21765,6358,41055,683970,166598,19499,12227,6271,7370,7706,10456,128400,87000,6776,8679,35950,41422,1000,4000,40000,7270,61415,84477,485,280,5773,7465,57465,76979,103691,81710,7880,66490,43000,6467,31560,82615,26177,2920,12480,42740,1511,962,6367,14478,55310,38203,24805,254235,102493,12380,35875,28978,6172,40485,65595,1995,7830,39248,29832,34167,11453,772300,1225149,15864,2440,7195,29488,212700,149000,7005,9136,43160,47242,74146,42547,5738,3102,2934,9458,46485,155390,33428,9465,120175,126968,105825,76387,7218,365,195,5342,33095,130125,39319,2380,7945,33382,42800,29000,6776,5634,4143,7354,13674,145455,106373,106360,1069295,100535,228600,168800,7384,10322186,23120624,22399,81987,49027,5980,1503,1159,7711,22416,39170,17474,3220,14660,45528,164708,6895910,418675,12887,347365,269547,51560,548155,106314,632,1516,23987,45785,37595,8211,46330,39990,8632,9935,72345,72818,81142,498485,61434,584766,18657,1090990,11036881,24304321,22021,7447,24486,32880,792831,1233817,15562,162055,1472676,90875,572728,457370,7986,572243,215077,3758,572728,146004,2549,721825,519653,7199,157920,1617450,102422,177595,7243275,407854,192103,1079075,56172,25.73,220.88,262361180,65610617,131203354
Y1988,34648,22425,6472,38314,608921,158929,17910,11449,6393,5914,5695,9630,128000,79000,6172,9316,38465,41289,1000,3000,30000,7436,64265,86424,554,360,6498,7416,58110,78358,103044,74568,7237,67393,45270,6717,32334,86060,26616,3055,12990,42520,1404,950,6766,15884,55450,34909,24548,251326,102381,12513,38815,31020,6271,38000,60596,2230,6720,30135,38473,48519,12611,512304,877080,17120,2653,6105,23012,216308,158715,7337,9613,47800,49724,75202,43216,5747,3369,3072,9118,48427,160180,33077,9439,115820,122704,91425,69779,7632,310,190,6129,33919,140545,41435,2367,7955,33608,45300,31100,6865,5561,3857,6936,13155,146000,110984,123393,1275650,103381,238738,185800,7783,10224232,23316464,22805,81487,45239,5552,1500,1150,7667,22436,39305,17519,3543,16225,45795,173280,7207345,415936,12223,298495,244208,51040,557545,109237,431,975,22622,46424,40611,8748,47172,41545,8807,10914,81005,74221,83498,510985,61197,597422,17542,1048015,10935858,24449929,22358,7681,21755,28323,536616,883725,16468,162413,1402452,86351,563217,481274,8545,562663,220403,3917,563217,148483,2636,736951,533040,7233,174433,1833195,105095,185503,7505840,404621,198920,1135520,57084,25.79,228.15,263205569,65822725,131625682
Y1989,34800,23000,6609,39142,637087,162763,18609,11477,6167,6941,7083,10205,129918,83035,6391,9642,37178,38558,800,3000,37500,7523,60170,79981,475,320,6737,7737,59465,76858,102759,66156,6438,67796,47485,7004,32446,83674,25789,3450,14218,41212,1824,1313,7198,16290,64522,39608,24591,253790,103204,12692,38192,30091,6475,38976,60195,2320,6465,27866,38198,45496,11911,543386,827810,15234,2890,6461,22356,215297,158040,7341,9645,47787,49546,76305,46791,6132,3567,3359,9417,48739,159141,32652,9739,115851,118956,91312,63735,6980,315,182,5778,34036,138589,40718,2468,8432,34165,43700,29000,6636,5762,3335,5788,13560,156755,115601,111312,1089298,97860,239565,160521,6701,10478188,26784480,25562,86386,49290,5706,1553,1212,7804,22258,41000,18420,3750,16432,43819,172078,6707205,389777,12184,277025,227368,52203,543920,104193,429,941,21935,46470,43581,9378,45777,39301,8585,11132,83569,75071,89444,521895,58349,560096,18246,1021950,11153325,27886213,25003,8107,22299,27506,571586,836206,14630,164788,1440490,87415,587519,473616,8061,587044,216021,3680,587519,145044,2469,737001,500087,6785,163515,1633218,99882,184262,6984230,379038,207869,1149120,55281,25.44,165.15,272535545,68154932,136289682
Y1990,34912,22760,6519,38904,623670,160310,18605,11684,6280,20107,14379,7151,126436,83260,6585,9978,41702,41794,915,3310,36175,8110,65570,80851,406,255,6281,8413,64105,76198,102867,70120,6817,69646,51520,7397,32430,81595,25160,3583,15025,41934,1847,1324,7168,16550,62680,37873,24670,253250,102655,13000,39055,30042,6967,42830,61476,2367,6690,28264,38579,41724,10815,541704,841733,15539,2934,6865,23398,209085,155120,7419,9992,50270,50310,77077,48085,6239,3345,3350,10015,48722,175415,36003,12023,112030,93180,90302,62915,6967,397,235,5919,35235,147845,41960,2946,8685,29481,42213,27645,6549,5406,3195,5910,13781,162445,117876,116582,1065680,91410,248244,173086,6972,10435340,26777904,25661,83088,48610,5850,1012,820,8103,23273,43560,18717,4014,18175,45279,186378,7423345,398295,12658,287325,226991,52045,511687,98316,443,990,22348,47418,39075,8241,45070,37800,8387,11704,89170,76188,77330,565127,73080,592000,15034,890000,11140604,27746673,24906,8690,23230,26732,582200,857436,14728,168134,1444520,85915,588925,484964,8235,588519,223172,3792,588925,148388,2520,734251,512426,6979,168627,1577367,93542,199036,7710670,387401,200778,1234114,61467,25.41,215.78,277957459,69511779,139001369
Y1991,35813,24120,6735,39119,626265,160092,17618,10800,6130,5000,5000,10000,123727,82515,6669,10137,41840,41275,913,4065,44524,8033,69620,86667,279,180,6452,8533,68095,79802,96714,71005,7342,70183,51895,7394,30729,75915,24705,3549,15155,42702,1928,1245,6457,17120,63950,37354,24914,254664,102217,12592,37965,30150,7017,42680,60824,2513,7205,28671,38484,35780,9297,583439,961939,16487,3035,7230,23822,210078,157280,7487,10081,52415,51994,77403,54540,7046,3108,3040,9781,48804,178765,36629,11956,112810,94354,90134,66110,7335,400,275,6875,34762,143305,41225,433,1030,23788,41666,29310,7035,5376,2915,5422,13856,150050,108292,123844,1236805,99868,247807,179290,7235,10244503,27242000,26592,80561,45220,5613,585,490,8376,22711,43235,19037,3931,18340,46655,191077,7681940,402034,12869,289250,224765,50024,482635,96481,2541,8305,32684,47629,45012,9451,38019,33775,8884,11711,89335,76283,95910,592000,61725,598955,16767,1004290,10954903,28326730,25858,8522,23770,27893,608743,968184,15905,169253,1443954,85313,585359,480680,8212,585080,227025,3880,585359,149909,2561,725368,522315,7201,173868,1719440,98893,203946,7971190,390848,218949,1270840,58043,25.08,218.03,283593887,70921271,141820271
Y1992,35916,24260,6755,38875,636110,163630,16060,10200,6351,1000,1000,10000,121000,83000,6860,10722,42980,40086,963,3935,40862,8466,71070,83948,308,185,6006,8596,67600,78641,92145,64680,7019,67265,50715,7540,30727,81640,26569,3539,15150,42809,1944,1276,6564,17713,65355,36897,25230,257360,102006,12737,39925,31346,7056,41535,58865,2687,7820,29103,39008,42583,10916,588097,956751,16269,3165,8215,25956,208915,152820,7315,10100,53000,52475,75118,49480,6587,2924,2725,9319,49060,183315,37365,12033,110245,91619,88120,65410,7423,407,280,6880,34430,144040,41836,263,660,25095,40914,28675,7009,5803,2935,5058,13925,148140,106384,127796,1379320,107931,250077,187530,7499,10178417,27373000,26893,82487,49463,5996,603,542,8988,22689,45555,20078,4140,19425,46920,187325,7445615,397470,13061,289980,222020,48736,470190,96477,2556,9000,35211,47657,45632,9575,36790,34080,9263,11594,86015,74189,95911,595000,62037,574650,18534,1065050,10860774,28516927,26257,8671,25695,29633,610909,959027,15698,170792,1461829,85591,587687,513413,8736,587379,240121,4088,587687,159200,2709,718854,519640,7229,176532,1849510,104769,200386,7735595,386035,220461,1283450,58217,24.93,145.13,283016366,70777604,141531643
Y1993,35813,23855,6661,38948,631550,162152,12296,7570,6156,992,1000,10081,121000,82000,6777,11201,44795,39992,1105,4700,42534,8903,76040,85409,261,161,6169,8773,68020,77533,90470,67375,7447,67168,54365,8094,31227,92695,29684,3612,15470,42829,1999,1283,6418,18685,69240,37056,25475,255605,100336,12670,39000,30781,7064,41940,59371,2843,8660,30461,35750,39966,11179,478300,808000,16893,3304,8715,26377,207444,163425,7878,10100,53000,52475,74867,49115,6560,2914,2725,9351,49110,183500,37365,11904,95925,80582,83769,63000,7521,504,360,7143,34191,139880,40911,277,660,23827,39718,26385,6643,5781,2840,4913,13884,149145,107422,129605,1384010,106787,248702,174635,7022,9905600,26928000,27185,65900,58000,8801,542,485,8948,22539,45585,20225,4403,20930,47536,184688,7506525,406444,13375,298170,222931,45296,433545,95714,2576,8355,32434,47782,48900,10234,36148,36380,10064,11655,85750,73574,98744,620000,62789,636947,18457,1175630,10642068,28177410,26477,9000,26390,29322,512859,810283,15799,172821,1451080,83964,578253,560799,9698,577992,254405,4402,578253,166858,2886,713115,516660,7245,174901,1817555,103919,198063,7804695,394051,225215,1319325,58581,24.93,221.39,281183078,70320320,140615307
Y1994,35600,26000,7303,39448,639850,162201,10072,6235,6190,7000,7000,10000,121800,85000,6979,11760,47775,40625,1133,5005,44175,9186,81390,88602,295,195,6610,9285,72260,77824,85400,62000,7260,66800,53890,8067,31496,93850,29797,3648,15820,43366,1969,485,2463,19560,72680,37157,25650,255895,99764,12774,40200,31470,6900,40000,57971,3274,10035,30651,35488,40095,11298,559700,964000,17224,3618,9735,26907,207600,168000,8092,10100,52000,51485,74526,48320,6484,3080,2785,9042,49482,183555,37095,11877,103890,87472,84985,61000,7178,800,600,7500,34523,144170,41761,289,715,24740,39660,25000,6304,6000,3000,5000,13858,149205,107667,131245,1438055,109570,249300,190000,7621,9919300,25124000,25328,79758,48440,6073,465,460,9892,22600,47000,20796,4450,21000,47191,180800,7110740,393293,13750,305000,221818,44765,426935,95373,2580,8360,32403,47786,50515,10571,36642,37770,10308,11776,86470,73429,99149,626000,63137,615000,18390,1131000,10632902,26325480,24759,9761,28845,29551,601647,971485,16147,175696,1474775,83939,591885,507835,8580,591590,233668,3950,591885,156834,2650,709760,533000,7510,176010,1864990,105959,194550,7415740,381174,228303,1348990,59088,25.29,149.68,271563265,67915339,135805228
Y1995,36000,26000,7222,39700,634000,159698,10000,6000,6000,1000,1000,10000,120200,82000,6822,12185,49970,41009,1215,5000,41152,9684,90795,93758,295,195,6610,9300,77000,82796,85000,62000,7294,66400,52670,7932,31647,95275,30106,3780,16445,43505,2034,521,2561,20290,75825,37371,26300,265000,100760,13000,40000,30769,6900,39000,56522,3565,10980,30799,35628,40215,11287,458500,739000,16118,3940,10265,26053,207600,167945,8090,10100,51000,50495,73202,48655,6647,2500,2675,10700,49921,189350,37930,12141,101000,83189,79722,51000,6397,800,600,7500,34165,144000,42148,320,780,24375,40060,25000,6241,6000,3000,5000,13860,149205,107652,131500,1468400,111665,282500,192000,6796,9951700,26399000,26527,80086,49595,6193,459,450,9804,23100,45000,19481,4450,22000,49438,180099,7445650,413420,14570,311000,213452,45700,435000,95186,2428,8000,32949,47780,52000,10883,36000,38000,10556,11895,87275,73371,100360,640000,63770,639000,19483,1244990,10683381,27704115,25932,10253,30025,29284,496163,740521,14925,178940,1487405,83123,593387,520365,8769,593092,239430,4037,593387,160381,2703,741360,531945,7175,177200,1903400,107415,194669,7756650,398453,231459,1390105,60058,25.58,195.57,280090510,70048212,140069974
Y1996,36400,27000,7418,39632,633645,159882,9354,6015,6430,2238,2326,10393,119800,84000,7012,12950,54000,41699,1215,5000,41152,10087,97440,96600,295,195,6610,9700,74000,76289,85400,62000,7260,66000,52550,7962,29200,89000,30479,4050,17000,41975,2074,537,2589,22663,86000,37947,26300,265000,100760,12860,38550,29977,7700,39000,50649,4071,12775,31380,35539,40340,11351,507236,882942,17407,4203,11680,27790,206000,169945,8250,10100,50000,49505,70400,46000,6534,2651,2695,10166,50109,186255,37170,11736,96000,81800,80675,59745,7406,800,600,7500,34031,138190,40607,405,1000,24691,39250,25000,6369,6000,3000,5000,13800,148575,107663,132300,1491560,112741,242000,183000,7562,10200000,28182000,27629,84200,48745,5789,492,490,9959,23100,46000,19913,4850,23000,47423,174445,7165090,410736,14570,315000,216198,45285,435105,96081,2428,8000,32949,48015,47675,9929,36229,39375,10868,12183,89265,73270,104000,661000,63558,701000,19531,1369130,10994172,29620075,26942,11107,33455,30121,546104,885805,16220,181822,1492930,82109,590966,511257,8651,590671,237190,4016,590966,158508,2682,698450,526945,7544,177585,1926665,108493,189015,7480090,395741,237811,1420800,59745,25.5,178.98,288380241,72120841,144213832
Y1997,36000,27000,7500,39646,628425,158509,9407,5985,6362,1000,1000,10000,120000,83000,6917,10232,47990,46902,1620,7000,43210,10329,106655,103258,403,265,6576,10137,75890,74864,84435,61485,7282,66205,52215,7887,32036,89255,27861,4050,18000,44444,2088,515,2466,23877,91000,38112,26300,265000,100760,13089,39230,29972,7700,39000,50649,4316,14100,32669,34622,39525,11416,577493,1057000,18303,4302,11655,27092,206347,170505,8263,10500,51000,48571,69890,50195,7182,2428,2650,10914,50281,186625,37116,11736,97000,82652,79072,58295,7372,809,1000,12361,34406,141835,41224,405,1000,24691,39254,24000,6114,6100,3000,4918,13769,148485,107840,133971,1507860,112551,234000,182000,7778,10263000,28152000,27431,79725,48925,6137,471,485,10297,23100,47000,20346,5048,24690,48910,175580,7520540,428326,14940,316000,211513,43203,405875,93946,3280,8800,26829,48308,53310,11035,34875,38100,10925,12579,93075,73992,106000,679000,64057,707802,20544,1454100,11062180,29673515,26824,12303,35555,28899,615222,1058515,17205,184922,1498010,81008,588213,519620,8834,587810,242153,4120,588213,161370,2743,690136,523990,7593,177174,1913735,108014,190520,7836540,411324,240270,1462365,60863,25.04,183.21,293311374,73354940,146680142
Y1998,36000,28000,7778,39618,624735,157690,9270,6040,6516,2024,3000,14822,84176,54000,6415,10494,49265,46946,1620,7000,43210,11008,112860,102525,473,280,5920,10291,78700,76475,84025,59900,7129,66290,52820,7968,32092,89320,27832,4500,18000,40000,2050,507,2473,24686,94000,38078,26700,267000,100000,13122,39655,30220,7700,39000,50649,4494,14895,33144,34818,39000,11201,477939,812000,16990,4462,12085,27084,205775,162700,7907,10500,51000,48571,69820,50425,7222,4047,2970,7339,50393,186760,37061,11736,96000,81800,82152,55030,6699,809,1000,12361,34454,138430,40178,405,1000,24691,38850,24000,6178,6100,3000,4918,13792,148580,107729,136277,1553180,113972,230000,186000,8087,10119838,29710000,29358,79654,49030,6155,810,640,7901,23100,47000,20346,5176,24760,47836,175152,7378710,421275,14940,323000,216198,41712,397620,95325,2428,8000,32949,48598,50575,10407,32823,36655,11167,13066,93940,71897,108457,682000,62882,804523,22408,1802815,11020640,31577495,28653,11789,35980,30520,496810,815507,16415,185899,1500990,80742,576093,521695,9056,575620,244053,4240,576093,162770,2825,648926,489600,7545,177989,1950800,109602,190092,7701710,405157,245368,1475610,60139,25.79,212.39,299787160,74973717,149917498
Y1999,77000,44000,5714,39254,562000,143170,8498,5000,5884,2000,2788,13940,83771,57000,6804,10521,49000,46574,1618,7000,43263,11331,115000,101491,404,250,6188,10521,80000,76038,18219,15000,8233,174826,142000,8122,31161,89000,28561,4500,19000,42222,2100,500,2381,25500,94000,36863,26709,267000,99966,12950,38000,29344,6879,38000,55241,4451,15000,33700,34008,42000,12350,407928,711000,17430,4451,13000,29207,205485,165315,8045,10926,52000,47593,64345,46000,7149,3240,4000,12346,50586,187000,36967,11736,97000,82652,73247,55000,7509,809,490,6057,33184,131000,39477,405,1000,24691,23877,13300,5570,5260,3000,5703,13759,146000,106112,244837,2762000,112810,211248,166380,7876,10712955,34430000,32139,37300,22000,5898,810,1000,12346,23067,46000,19942,5260,25000,47529,174000,6950925,399478,15781,332000,210380,41278,383000,92786,2832,8000,28249,48562,56000,11532,31565,29000,9187,14164,98000,69189,166327,894000,53750,882224,21627,1908000,11680974,36403000,31164,12139,37000,30480,426063,714288,16765,186966,1437000,76859,526048,494740,9405,525644,228869,4354,526048,150351,2858,547860,419995,7666,286115,3145000,109921,189781,7282925,383754,304774,1688000,55385,25.95,212.65,323699215,80951816,161873372
Y2000,77000,45000,5844,40469,572000,141343,6880,5000,7267,2028,3115,15360,79724,54000,6773,10927,49000,44843,1618,7000,43263,11331,112000,98844,404,280,6931,10521,80000,76038,18219,14000,7684,175231,143000,8161,30769,89000,28925,4452,20000,44924,1994,510,2558,25900,98000,37838,26709,267000,99966,13355,40000,29951,6879,38000,55241,4856,16000,32949,29150,32000,10978,448335,821000,18312,4856,15000,30890,166802,128000,7674,11331,53000,46774,4500,3000,6667,4855,10000,20597,50586,187000,36967,9713,79000,81334,26041,19500,7488,809,560,6922,33994,134000,39419,405,1000,24691,23877,18000,7539,5260,3000,5703,14170,148000,104446,243219,2933000,120591,201940,166000,8220,10801214,37627500,34836,36800,22000,5978,810,1000,12346,22663,46000,20297,5666,26000,45888,170374,6910000,405578,15781,292000,185033,40874,378000,92479,2832,9000,31780,48600,46000,9465,31161,35000,11232,14569,100000,68639,148117,911000,61505,832447,22104,1840000,11672247,39503000,33844,12949,41000,31663,468545,824625,17600,188187,1440000,76520,447229,436340,9757,446825,195139,4367,447229,130662,2922,495822,383000,7725,284093,3311000,116546,186155,7202000,386882,290568,1723000,59298,25.12,198.38,334562232,83667863,167304060
Y2001,77800,47000,6041,42914,606000,141213,5668,4000,7057,1995,2917,14622,71630,53000,7399,10931,50000,45741,1620,6000,37037,11745,115000,97914,405,270,6667,10935,79000,72245,17004,14000,8233,174826,141000,8065,30756,89000,28937,4860,21000,43210,2000,503,2515,25900,99900,38571,26710,268000,100337,13365,39000,29181,7290,42000,57613,5263,17000,32301,25900,27000,10425,456680,858740,18804,4856,15000,30890,164372,126000,7666,8498,35000,41186,4500,3000,6667,19970,64335,32216,50607,188000,37149,10530,85000,80722,25147,18000,7158,1215,1000,8230,34000,127000,37353,405,1000,24691,22258,17000,7638,4047,2000,4942,14170,152000,107269,248988,3216000,129163,191418,158000,8254,10661000,36269000,34020,36800,22000,5978,810,1000,12346,23085,48000,20793,5666,27000,47653,168826,6742000,399346,16185,300000,185357,39271,357000,90907,3641,11000,30211,48600,52000,10700,29959,37000,12350,14985,100000,66733,148521,911000,61338,773000,21643,1673000,11485595,38029335,33110,14165,44000,31062,477672,862160,18049,193498,1492900,77153,434387,425270,9790,433982,188349,4340,434387,125564,2891,470729,370000,7860,288259,3573000,123951,185011,7042000,380626,291025,1710000,58758,25.85,191.23,326702095,81703770,163374874
Y2002,77296,51000,6598,44921,654000,145589,4048,3000,7411,2186,3231,14780,69607,49000,7040,11331,51000,45009,1620,5000,30864,11741,119000,101354,405,270,6667,10931,82000,75016,15378,11000,7153,169970,136000,8001,30756,87000,28287,4860,22000,45267,2003,496,2476,26305,101000,38396,27114,275000,101424,14026,39300,28019,7689,43000,55924,5263,17000,32301,26710,34000,12729,436661,800000,18321,5261,15000,28512,157085,115000,7321,7284,30000,41186,4450,3000,6742,29060,117255,40349,50600,187000,36957,10522,86000,81734,41176,21200,5149,1215,1000,8230,36842,150000,40714,405,1000,24691,21449,16000,7460,4047,2000,4942,14164,153000,108020,237600,2994000,126010,206932,151000,7297,10771000,37593000,34902,39000,25000,6410,809,1000,12361,24686,48000,19444,5666,27000,47653,162753,6502000,399501,16200,278000,171605,38056,346000,90919,3641,11000,30211,50990,58000,11375,30352,38000,12520,15384,103000,66953,149735,920000,61442,742000,21644,1606000,11588093,39341455,33950,14570,44000,30199,456228,803727,17617,196698,1553000,78954,421027,426243,10124,420622,188727,4487,421027,126590,3007,474498,344000,7250,275656,3340000,121166,178953,6780000,378870,296128,1743300,58870,25.6,195.17,328673559,82196636,164360606
Y2003,77296,55000,7116,45350,649730,143270,2383,1695,7113,2279,3373,14800,68600,48000,6997,11331,50000,44127,1620,5000,30864,11945,117885,98690,405,290,7160,11243,84320,74998,14974,11000,7346,169937,137325,8081,31053,87905,28308,5638,23000,40795,2003,489,2441,32375,128000,39537,27100,276000,101845,14409,34040,23624,7573,42825,56550,5666,18000,31768,25900,34240,13220,407920,794000,19465,5927,16680,28142,154187,116000,7523,7689,31000,40317,4450,2000,4494,29071,117255,40334,50600,243000,48024,10522,85000,80783,37129,27200,7326,809,1000,12361,37654,153455,40754,395,975,24684,19830,15000,7564,4047,2000,4942,14243,154230,108285,245318,3385910,138021,190204,153000,8044,10725040,38361420,35768,39000,25500,6538,809,1000,12361,24686,48000,19444,5666,28000,49418,166172,6838395,411525,16592,298000,179605,36773,332030,90292,3642,12000,32949,50977,57500,11280,30756,37000,12030,15584,101945,65416,150545,907000,60248,706475,21327,1506710,11500907,40015280,34793,15630,47655,30489,427997,797862,18642,204543,1636120,79989,414967,413769,9971,414562,180108,4345,414967,121134,2919,451842,345000,7635,282091,3717940,131799,182764,7136395,390470,300842,1743645,57959,25.58,181.96,334966782,83770883,167508100
Y2004,77700,55000,7079,49281,706585,143379,1881,1375,7310,2408,3506,14560,47348,35000,7392,12545,59000,47031,1214,4000,32949,12735,128600,100982,405,300,7407,12510,101485,81123,13759,10000,7268,162154,138740,8556,39081,132900,34006,5561,25000,44956,2003,482,2406,94000,353000,37553,27500,279000,101455,21087,73390,34803,7917,48185,60863,5670,18000,31746,26034,34075,13089,390526,730000,18693,6389,18210,28502,154590,122200,7905,7689,32000,41618,4450,3000,6742,50051,241460,48243,51000,243000,47647,10926,89000,81457,35673,26050,7302,809,1000,12361,51968,272230,52384,504,1000,19841,21043,17000,8079,3237,2000,6179,16820,212775,126501,270740,3907120,144313,159043,134000,8425,10248102,36235976,35359,38900,37200,9563,692,805,11633,26709,77000,28829,6070,29000,47776,163709,6483640,396047,16997,317000,186504,35826,320495,89459,3642,12000,32949,53215,57580,10820,30352,39000,12849,17925,119935,66909,154996,942000,60776,641875,19527,1253380,10978274,37759046,34394,16205,49210,30367,414814,733988,17694,274659,1987185,72351,408791,464800,11370,408386,186086,4557,408791,129594,3170,399020,320200,8025,306566,4227615,137902,180706,6800640,376337,333438,2008640,60240,25.63,187.24,324583340,81175314,162315558
Y2005,167640,93820,5597,53862,898710,166854,1275,1170,9176,3000,5000,16667,45729,34000,7435,12950,60540,46749,1214,4000,32949,13581,142405,104856,400,300,7500,13156,108990,82844,13089,9630,7357,154812,185635,11991,40000,394455,98614,5670,24350,42945,1948,477,2449,97000,492000,50722,40000,400000,100000,25593,90170,35232,7715,49405,64038,12000,66000,55000,28852,38880,13476,402000,836000,20796,11000,34000,30909,153831,121065,7870,7491,30670,40942,4769,2970,6228,66830,356280,53311,124000,622000,50161,7612,96485,126754,25333,17150,6770,2004,1860,9281,86429,589410,68196,512,970,18945,18211,14000,7688,2110,1005,4763,18496,234865,126982,326291,4855377,148805,148315,136085,9175,10524067,39795616,37814,30700,39200,12769,420,555,13214,27923,86000,30799,6530,31730,48591,157131,6423380,408791,18211,342000,187799,35110,311440,88704,3642,10000,27457,53239,57580,10815,29947,38000,12689,17725,122440,69078,161066,1031000,64011,558413,17478,975985,11176338,41146756,36816,27154,110970,40867,424594,841477,19818,401738,3099030,77141,391726,758120,19353,391326,229871,5874,391726,166110,4240,381285,315785,8282,361401,5166817,142966,175342,6765380,385839,381764,2471290,64733,25.86,168.35,350682533,87701911,175365562
Y2006,168680,97415,5775,55847,909060,162777,969,760,7843,2625,3503,13345,47669,36865,7734,14320,73435,51281,3400,18415,54162,14973,176000,117545,470,335,7128,14377,133050,92544,12727,9760,7669,142466,155430,10910,39000,325815,83542,6410,28340,44212,1938,471,2430,49730,339340,68236,99700,824210,82669,26709,102485,38371,8093,57000,70431,8100,54195,66907,29394,37980,12921,419000,884000,21098,15000,45830,30553,134635,115370,8569,7835,31290,39936,13585,8485,6246,98404,521525,52998,128000,639910,49993,8755,97160,110977,20477,14150,6910,1852,1430,7721,115741,768655,66412,238,840,35294,14973,12000,8014,1748,1015,5807,17100,253825,148436,373200,5368400,143848,127369,107250,8420,10579000,40773000,38541,36043,29180,8096,184,250,13587,28328,98885,34907,7130,36505,51199,152396,5510930,361619,20234,388000,191756,34092,307695,90254,5180,19070,36815,52609,58000,11025,31721,42710,13464,18769,131280,69945,154183,1056000,68490,479000,15344,735000,11178034,42044685,37614,28518,119935,42056,433763,887974,20471,405050,3307100,81647,387958,701850,18091,387488,237481,6129,387958,156025,4022,339121,282260,8323,407292,5676095,139362,172630,5898930,341709,413487,2807690,67903,26.18,160.65,350177795,87579066,175114497
Y2007,165270,101240,6126,58792,1004520,170860,929,755,8127,2629,3295,12533,48009,41185,8579,15449,82980,53712,3027,23505,77651,15281,182685,119550,470,335,7128,14820,143200,96626,12586,9810,7794,141490,153955,10881,41000,351810,85807,6778,32480,47920,1925,465,2416,83430,409213,49049,99640,925965,92931,38807,176710,45536,8338,63325,75947,6111,54190,88676,33666,45910,13637,440492,838682,19040,12000,37770,31475,137553,116810,8492,7824,33095,42299,14075,8180,5812,150832,902150,59812,129080,781960,60579,9413,105830,112430,26142,20150,7708,1396,994,7120,128723,894255,69471,167,867,51916,12500,9840,7872,1503,1445,9614,16970,238360,140460,345000,5167000,149768,99402,82735,8323,10575000,43181000,40833,33525,27038,8065,182,245,13462,30881,116725,37798,7436,38205,51378,150059,5769945,384512,21444,337820,157536,33609,304090,90479,3764,17405,46241,57580,58500,10160,30699,39180,12763,19408,136935,70556,155802,1096000,70346,399000,18471,737000,11152085,44841300,40209,22042,110232,50010,457046,842442,18432,435394,3695370,84874,385897,726019,18814,385427,238564,6190,385897,161145,4176,311553,261825,8404,378609,5471090,144505,171503,6107765,356132,443599,3091180,69684,25.89,207.14,364672288,91203737,182361833
Y2008,173380,97947,5649,53270,877123,164656,613,537,8760,2601,3056,11749,46482,39727,8547,15595,82872,53140,3820,25431,66573,16225,211097,130106,335,226,6746,15838,156483,98802,9349,7168,7667,94406,117765,12474,42000,334047,79535,7259,36740,50613,1911,459,2402,96250,442714,45996,92320,974760,105585,33607,144817,43091,9416,77046,81825,4810,50668,105339,31084,44268,14241,420473,848715,20185,16880,52801,31280,72581,71535,9856,7374,33906,45980,8823,7810,8852,223770,1346470,60172,124000,802750,64738,12539,204593,163165,39116,13350,3413,950,748,7874,125171,889260,71044,369,1558,42222,12673,10656,8408,1213,1140,9398,15938,210283,131938,402000,6648000,165373,81787,71851,8785,11279150,46742000,41441,32932,28461,8642,206,443,21505,33386,139066,41654,7793,44030,56499,129473,4983656,384919,17730,302066,170370,31578,307221,97290,3690,15819,42870,58005,59000,10172,29289,40248,13742,19642,143058,72833,179000,1210000,67598,388000,21753,844000,11930855,48946800,41025,25749,120846,46932,437985,852230,19458,443796,3762109,84771,402091,738619,18369,401756,258480,6434,402091,172881,4300,224085,202077,9018,433578,6955221,160415,147203,5285722,359077,464492,3267946,70355,25.68,181.65,385632295,96448110,192844397
Y2009,176350,105448,5979,53585,836183,156048,549,472,8597,2547,2804,11009,55340,48533,8770,16273,88386,54315,3260,23509,72113,16507,205627,124570,300,200,6667,16160,160612,99389,8177,6551,8011,89268,109337,12248,43000,316405,73583,7240,43902,60638,1899,453,2385,85560,492131,57519,101840,1005164,98700,34319,154831,45115,9017,72608,80523,6780,55951,82524,32540,47160,14493,416000,923500,22200,18480,52801,28572,70952,60537,8532,7564,33159,43838,11176,7050,6308,128386,729629,56831,124000,828161,66787,12646,200238,158341,32609,12440,3815,420,364,8667,107748,735140,68228,369,2063,55908,13779,12406,9004,908,841,9262,15778,229068,145182,395000,5268000,133367,86087,76009,8829,11353532,48144000,42404,35551,32306,9087,200,266,13300,34965,140113,40072,8016,42898,53515,126261,5232649,414431,17045,312566,183377,31697,305025,96232,4030,15935,39541,59000,59500,10085,29869,40265,13481,20424,150720,73796,181000,1265000,69890,394612,21516,849046,11909888,49735853,41760,29659,126750,42736,433446,926757,21381,449328,3870763,86146,410080,711135,17341,409780,247320,6035,410080,164103,4002,235243,204877,8709,426697,5573025,130608,143306,5545215,386949,453539,3220524,71009,26.43,165.63,386146521,96575466,193100018
Y2010,178630,91681,5132,53946,818254,151680,619,528,8530,2476,2556,10323,59186,84470,14272,16589,88581,53397,3130,21407,68393,16666,219958,131980,314,216,6879,16677,160040,95965,7224,5744,7951,87026,109350,12565,43000,402000,93488,7663,55152,71972,1888,448,2373,85258,574589,67394,106471,961821,90336,37055,164392,44364,9066,74841,82551,7130,58468,82003,33591,53467,15917,416346,923464,22180,21367,53987,25267,77287,71100,9199,7814,35190,45035,10542,6870,6517,152009,887391,58378,129000,842312,65296,13238,216497,163542,35871,11990,3343,394,403,10228,117560,872081,74182,326,2666,81779,13335,12747,9559,811,772,9519,16018,234493,146393,435000,7930000,182299,85919,81705,9510,11529000,50061200,43422,36000,32000,8889,196,251,12806,34833,128517,36895,8181,45251,55312,117500,4490812,382197,12000,314976,262480,31071,306633,98688,3260,20562,63074,52236,60000,11486,38270,55288,14447,23817,190213,79864,184000,1290000,70109,376256,23959,901490,12093951,51862850,42883,32083,135683,42291,434710,926468,21312,459144,3917826,85329,420623,829769,19727,420309,275379,6552,420623,185889,4419,243762,256538,10524,466071,8236633,176725,129500,4805788,371103,475186,3472597,73079,26.31,187.23,403592856,100938758,201824084
Y2011,182389,105953,5809,52847,800840,151539,547,484,8848,2402,2327,9688,68000,50000,7353,17304,94756,54760,2580,14447,55996,15789,206891,131035,383,268,6997,16552,168238,101642,8229,6605,8026,104967,176134,16780,43000,326000,75814,7701,48448,62911,1880,443,2356,76352,538172,70486,97000,929000,95773,41997,209153,49802,9116,74380,81593,7460,59198,79354,31755,53664,16899,708723,1523315,21494,21500,54613,25401,82969,80442,9695,7663,35078,45776,10251,6705,6541,165542,1018287,61512,111100,889176,80034,12079,204514,169314,22719,10288,4528,405,414,10222,127940,1051523,82189,345,2998,86899,13264,12622,9516,732,676,9235,14988,218582,145838,460197,8326389,180931,89238,83336,9339,11528000,50627000,43917,37000,33000,8919,150,220,14667,37607,139775,37167,8077,43190,53473,116175,4671348,402096,13966,322135,230657,30373,297539,97962,5000,19947,39894,56670,60500,10676,48866,79234,16215,24772,232459,93839,185750,1319000,71009,373708,26012,972085,12090666,52628364,43528,34305,136756,39865,727605,1526085,20974,423251,3856251,91110,430834,767934,17824,430451,278989,6481,430834,184215,4276,262432,233681,8904,490570,8623928,175794,130141,4993483,383698,492688,3762736,76372,25.69,164.19,414754601,103727652,207404037
Y2012,222570,136000,6110,49278,745927,151371,361,320,8864,2400,1900,7917,67200,51000,7589,17125,94356,55098,2240,28508,127268,16704,212960,127490,378,264,6984,16285,166195,102054,7700,7000,9091,97120,126000,12974,43000,372000,86512,7872,50090,63631,1800,425,2361,81204,516000,63544,99000,956665,96633,44284,233609,52752,8704,72084,82817,6800,61000,89706,31182,51944,16658,760427,1452044,19095,17120,63330,36992,86248,80125,9290,7700,34000,44156,9740,6313,6482,197108,1297717,65838,124000,945059,76214,15380,285000,185306,32836,10395,3166,405,370,9136,135721,1159259,85415,348,2986,85805,14160,12000,8475,502,445,8865,13895,180938,130218,430446,8205470,190627,105355,89000,8448,11423000,50497000,44206,33331,29965,8990,168,226,13452,39252,164000,41781,8094,43000,53126,107621,4603003,427705,14900,305000,204698,24567,252891,102939,4822,20000,41477,57900,62524,10799,50905,85419,16780,25627,255430,99672,180892,1313000,72585,358181,27789,995356,12011654,52801014,43958,29090,147316,50641,780827,1454369,18626,435087,3925058,90213,450797,838839,18608,450419,293509,6516,450797,195586,4339,281165,239570,8521,455013,8458361,185893,122521,4908003,400585,499963,3908899,78184,25.2,166.01,415327258,103870643,207690192
Y2013,238760,181000,7581,48157,774826,160896,290,260,8966,2400,1900,7917,65000,51500,7923,16997,93000,54716,2104,27305,129777,16187,200000,123556,379,266,7018,16187,166000,102551,7284,7000,9610,93460,102000,10914,43000,364000,84651,8094,49000,60539,1800,425,2361,81057,540000,66620,100000,1004000,100400,42493,223685,52640,8941,69000,77173,6210,60000,96618,28750,49791,17319,681000,1391000,20426,20234,67000,33113,89840,93000,10352,7700,34000,44156,9300,6000,6452,234714,1548000,65953,119600,956867,80006,12950,249000,192278,32820,20065,6114,326,391,11994,134354,1168000,86935,379,3448,90976,13269,12622,9512,405,423,10444,14164,186667,131790,443934,8603000,193790,106000,103125,9729,11372000,51534000,45317,34118,30972,9078,134,152,11343,39040,157000,40215,8094,43000,53126,109264,4434000,405806,12100,293000,242149,27108,263000,97019,4560,20000,43860,58300,66259,11365,48562,79000,16268,26300,251000,95437,186557,1372000,73543,416416,30138,1255000,12056374,54357477,45086,31383,150448,47939,702200,1393325,19842,430415,4014113,93261,466826,858657,18394,466447,307836,6600,466826,205630,4405,281798,267670,9499,471042,8866000,188221,121364,4727000,389489,506727,3974685,78438,25.13,168.59,424115278,106067648,212084202
Y2014,230670,188000,8150,46134,770203,166949,248,266,10726,3662,2683,7327,77699,66000,8494,18222,110000,60367,2019,28259,139965,16187,217000,134058,382,268,7016,16592,183000,110294,6878,6000,8723,89820,110000,12247,43000,347474,80808,8903,55000,61777,1857,409,2202,78819,543000,68892,102000,1061000,104020,53000,312000,58868,9498,77000,81070,7810,62887,80521,29560,56439,19093,665699,1349000,20264,16200,69950,43179,124617,157000,12599,7284,39000,53542,8896,9000,10117,307152,2124000,69151,124000,992296,80024,12140,293000,241351,12189,7140,5858,1172,1724,14710,150915,1387000,91906,489,3674,75133,14834,14659,9882,594,608,10236,13759,198946,144593,461710,8950000,193845,111449,110197,9888,11415642,51806593,45382,34248,30447,8890,111,124,11171,40484,155000,38287,8094,44000,54361,107219,4508000,420448,14650,313000,213652,25890,259472,100221,3961,18000,45443,59925,63780,10643,50180,85000,16939,27114,260000,95891,184940,1362000,73646,429770,30319,1303000,12165112,55241123,45409,28460,154511,54291,688498,1352092,19638,429331,4172215,97179,489351,910976,18616,488969,356083,7282,489351,217420,4443,336071,354464,10547,487600,9209472,188874,121869,4821000,395589,534551,4393000,82181,25.4,150.19,434061955,108555126,217058158
Y2015,238760,218000,9131,46714,777427,166423,348,307,8822,4321,2735,6330,77840,66137,8497,19907,122091,61331,2160,28956,134056,19718,258608,131153,376,264,7021,19544,268480,137372,7072,6672,9434,92167,123207,13368,43000,383833,89263,14094,99927,70900,2032,398,1959,77725,550000,70762,101654,1031000,101422,57049,345725,60601,10216,83004,81249,9000,63223,70248,31753,56713,17861,677575,1399000,20647,24200,68721,28397,145492,167261,11496,7062,39429,55833,7009,4865,6941,325308,2271998,69841,116297,1220616,104957,11740,274000,233390,12581,12510,9944,1333,2148,16114,169609,1704402,100490,440,3954,89864,14747,16939,11486,575,603,10487,13632,197518,144893,471013,9254285,196476,112348,120714,10745,11381221,51805464,45518,38205,35764,9361,95,100,10526,42087,151000,35878,8237,46394,56324,104263,4434070,425277,13840,300938,217441,25260,254633,100805,4512,21000,46543,60424,66101,10940,51547,94221,18279,30594,413610,135193,192630,1481000,76883,436814,30860,1348000,12156367,55438379,45604,38152,156898,41124,701248,1402133,19995,444275,4516921,101669,511788,991655,19376,511412,381157,7453,511788,243562,4759,358074,378326,10566,496273,9508918,191607,118103,4735008,400922,566771,5058058,89243,25.26,211.87,442491282,110664217,221273803
Y2016,238760,214000,8963,47432,798012,168243,356,317,8904,4888,2678,5479,83020,72105,8685,20211,128676,63666,1870,27727,148273,17944,295744,164815,370,258,6973,19331,268484,138888,6083,6382,10492,101972,130260,12774,43000,374269,87039,14569,109475,75142,1998,400,2002,80869,594000,73452,106902,1050000,98221,60776,381851,62829,9473,77290,81590,8100,66470,82062,35712,62264,17435,677678,1344000,19832,20234,65248,32247,154515,158228,10240,7233,40097,55436,6561,4475,6821,334974,2445576,73008,41390,1375993,332446,11051,249605,225866,12565,15250,12137,1623,2229,13734,177492,1735334,97770,434,3218,74147,16294,18562,11392,538,566,10520,13561,200701,147999,475488,9474099,199250,113478,122408,10787,11000809,50452866,45863,40320,36921,9157,93,102,10968,46083,162000,35154,8722,50555,57963,98357,4207592,427788,11780,272094,230980,24886,259372,104224,4449,21000,47202,60059,64500,10739,46472,87628,18856,27342,368121,134636,190650,1535000,80514,444805,30310,1348186,11793602,54262297,46010,33217,155936,46945,701905,1347078,19192,374027,4730184,126466,513859,994506,19354,513489,385835,7514,513859,245714,4782,373928,378251,10116,500374,9733471,194524,110137,4479686,406738,572895,5204172,90840,25.73,176.64,436486223,109165685,218272093
Y2017,291210,246863,8477,48644,807104,165921,329,287,8723,5655,2672,4725,83020,73970,8910,20880,137495,65850,1990,27065,136005,18486,311650,168587,368,257,6984,19718,277500,140734,5917,6237,10541,103380,136872,13240,43000,408635,95031,15138,121254,80099,2018,394,1952,84353,636000,75397,109112,1076000,98614,66259,425401,64203,9307,77478,83247,7770,65560,84376,36903,66060,17901,737770,1496216,20280,25780,69132,26816,154746,168837,10911,7533,44412,58957,5365,4165,7763,389878,3025392,77598,46323,1517691,327632,11736,254000,216428,9376,10380,11071,1386,1913,13802,185735,1866502,100493,427,3372,78970,16529,18415,11141,516,552,10698,14359,211833,147526,499725,10215957,204432,112097,119000,10616,11615000,54148000,46619,37518,33999,9062,83,92,11084,47332,168000,35494,8744,66292,75814,92060,3862775,419593,11126,258777,232588,25750,262702,102020,4041,23206,57426,53856,81850,15198,45729,91573,20025,27666,388725,140506,188986,1590000,84133,415339,31576,1311473,12430005,58495624,47060,38018,161270,42419,779165,1499282,19242,395402,4975874,125843,557525,1093810,19619,557157,411423,7384,557525,257022,4610,372825,387011,10381,525475,10478659,199413,103186,4121552,399429,616549,5823913,94460,25.5,228.56,462164838,115597681,231120326
Y2018,270358,215783,7981,49123,810347,164963,301,244,8106,6658,2666,4004,81720,75532,9243,20594,134860,65485,1990,26796,134653,18546,321719,173471,366,256,6995,19459,274297,140962,5027,4964,9875,101072,141177,13968,43000,466975,108599,15287,112974,73902,2040,389,1907,83989,649596,77343,105277,1038000,98597,71411,461970,64692,9609,79438,82670,9192,68137,74126,38043,66828,17566,758218,1613762,21284,21868,67077,30674,155963,176633,11325,7563,41003,54215,5633,4464,7925,400478,3288102,82104,48947,1407308,287517,15379,267694,174065,7856,7811,9943,1510,2531,16762,178506,1737714,97348,498,3315,66566,7181,8139,11334,464,465,10022,14260,208401,146144,477419,9744412,204106,104208,114775,11014,11515000,54416000,47257,37567,34859,9279,73,87,11918,46538,173079,37191,9257,55609,60072,90156,3638731,403604,11682,272072,232898,23975,246816,102947,3593,22086,61470,67043,78150,11657,42458,89013,20965,28130,385038,136878,191414,1634000,85365,351213,31302,1099373,12274921,58811617,47912,35151,160615,45693,804374,1616817,20100,389619,4857392,124670,530523,1156149,21793,530157,415525,7838,530523,262623,4950,354563,380508,10732,501394,9991228,199269,101838,3910803,384022,616749,5759325,93382,25.11,151.89,457569164,114439742,228814618
Y2019,386957,316715,8185,48850,833309,170585,191,157,8220,8037,2660,3310,87380,76224,8723,20873,144050,69013,1931,27329,141528,19182,331020,172568,364,254,6978,20181,284327,140888,4812,5347,11112,96800,149473,15441,36483,431596,118301,15374,119136,77492,2062,384,1862,83470,661823,79289,102405,1009494,98579,71734,466389,65016,9610,80234,83490,12658,72110,56968,35260,62832,17820,749658,1600474,21349,21144,67077,31724,142418,175384,12315,7285,38490,52835,5284,3641,6891,445099,3569321,80192,134354,1456331,108395,14707,228960,155681,9755,9200,9431,1290,1975,15310,172456,1802868,104541,685,3393,49533,7097,7439,10482,465,468,10065,14892,217439,146011,468395,9655082,206131,111980,128565,11481,11516553,54586344,47398,34206,31613,9242,79,87,11013,52133,173851,33348,9580,57616,60142,81062,3141923,387595,9019,214941,238320,23014,235881,102495,3573,22747,63664,54001,90685,16793,59640,128597,21562,28205,387653,137441,227884,2034364,89272,330348,30780,1016811,12302025,59181920,48107,38060,165327,43439,783685,1603518,20461,468674,4896712,104480,469314,1035436,22063,468950,378595,8073,469314,237086,5052,354152,393427,11109,491409,9890963,201278,90081,3356864,372650,651132,6300864,96768,25.44,169.11,456871850,114266596,228465996
