DistrictName,Financial Year,TotalArea(Acres),TotalProduction(Tons)
Bagerhat,2006-2007,12055,8669
Bagerhat,2007-2008,14390,9995
Bagerhat,2008-2009,20650,13926
Bagerhat,2009-2010,16626,11051
Bagerhat,2010-2011,23150,17208
Bagerhat,2011-2012,26060,22426
Bagerhat,2012-2013,13003,6040
Bagerhat,2013-2014,13646,7801
Bagerhat,2014-2015,20258,19709
Bakergonj,1969-1970,470150,181155
Bakergonj,1970-1971,2340,508750
Bakergonj,1971-1972,461215,128750
Bakergonj,1972-1973,475530,166645
Bakergonj,1973-1974,497085,173840
Bakergonj,1974-1975,470405,118675
Bakergonj,1975-1976,482430,197650
Bakergonj,1976-1977,477135,221790
Bakergonj,1977-1978,402265,144810
Bakergonj,1978-1979,457465,176125
Bandarban,1979-1980,0,0
Bandarban,1980-1981,0,0
Bandarban,1981-1982,0,0
Bandarban,1982-1983,0,0
Bandarban,1983-1984,0,0
Bandarban,1984-1985,17900,10579
Bandarban,1985-1986,16685,10510
Bandarban,1986-1987,20285,13340
Bandarban,1987-1988,0,23235
Bandarban,1988-1989,19500,10720
Bandarban,1989-1990,23095,14685
Bandarban,1990-1991,24520,15410
Bandarban,1991-1992,25540,16290
Bandarban,1992-1993,25540,16290
Bandarban,1993-1994,25620,15690
Bandarban,1994-1995,26120,13430
Bandarban,1995-1996,5760,5170
Bandarban,1996-1997,29270,16690
Bandarban,1997-1998,30620,17120
Bandarban,1998-1999,30250,17000
Bandarban,1999-2000,31610,17580
Bandarban,2000-2001,30180,17870
Bandarban,2001-2002,23400,14020
Bandarban,2002-2003,25990,15610
Bandarban,2003-2004,25320,15170
Bandarban,2004-2005,24560,13390
Bandarban,2005-2006,15261,8196
Bandarban,2006-2007,16195,10604
Bandarban,2007-2008,18405,11513
Bandarban,2008-2009,20800,15636
Bandarban,2009-2010,18878,10690
Bandarban,2010-2011,19015,13955
Bandarban,2011-2012,20160,16327
Bandarban,2012-2013,18954,15309
Bandarban,2013-2014,19040,14954
Bandarban,2014-2015,19013,13871
Barguna,2006-2007,89470,56092
Barguna,2007-2008,89420,69622
Barguna,2008-2009,113630,89335
Barguna,2009-2010,108352,80873
Barguna,2010-2011,116932,88051
Barguna,2011-2012,113190,88300
Barguna,2012-2013,16536,16949
Barguna,2013-2014,21175,28013
Barguna,2014-2015,97047,94652
Barisal,1979-1980,441125,158180
Barisal,1980-1981,494995,225875
Barisal,1981-1982,0,374880
Barisal,1982-1983,412110,170275
Barisal,1983-1984,442275,189065
Barisal,1984-1985,439460,144967
Barisal,1985-1986,478875,171965
Barisal,1986-1987,518090,215605
Barisal,1987-1988,0,576285
Barisal,1988-1989,545415,212825
Barisal,1989-1990,459060,202790
Barisal,1990-1991,440580,181510
Barisal,1991-1992,437330,169760
Barisal,1992-1993,437330,169760
Barisal,1993-1994,354180,121660
Barisal,1994-1995,365640,130140
Barisal,1995-1996,52250,31260
Barisal,1996-1997,378560,129920
Barisal,1997-1998,355600,134800
Barisal,1998-1999,354310,125450
Barisal,1999-2000,352910,170860
Barisal,2000-2001,357900,185360
Barisal,2001-2002,386160,210670
Barisal,2002-2003,374970,196350
Barisal,2003-2004,383740,201220
Barisal,2004-2005,380260,192580
Barisal,2005-2006,384895,223865
Barisal,2006-2007,76115,44104
Barisal,2007-2008,79435,42882
Barisal,2008-2009,90050,49954
Barisal,2009-2010,78403,49051
Barisal,2010-2011,81759,58130
Barisal,2011-2012,86477,60966
Barisal,2012-2013,86116,56747
Barisal,2013-2014,86536,48335
Barisal,2014-2015,83188,49083
Bhola,2006-2007,123480,62360
Bhola,2007-2008,145715,79537
Bhola,2008-2009,163745,87298
Bhola,2009-2010,162053,78827
Bhola,2010-2011,170659,112453
Bhola,2011-2012,160173,109977
Bhola,2012-2013,151146,93360
Bhola,2013-2014,150541,81528
Bhola,2014-2015,184434,100811
Bogra,1969-1970,286080,95240
Bogra,1970-1971,465,228600
Bogra,1971-1972,210665,58020
Bogra,1972-1973,257240,82590
Bogra,1973-1974,248990,80310
Bogra,1974-1975,316915,111860
Bogra,1975-1976,306850,97165
Bogra,1976-1977,292250,105640
Bogra,1977-1978,289425,103635
Bogra,1978-1979,292100,120680
Bogra,1979-1980,260115,106790
Bogra,1980-1981,258430,133915
Bogra,1981-1982,0,263170
Bogra,1982-1983,254580,116215
Bogra,1983-1984,246355,110890
Bogra,1984-1985,217360,94717
Bogra,1985-1986,178675,84285
Bogra,1986-1987,188455,90920
Bogra,1987-1988,0,77900
Bogra,1988-1989,57730,31165
Bogra,1989-1990,40500,20965
Bogra,1990-1991,41730,24170
Bogra,1991-1992,19210,9960
Bogra,1992-1993,19210,9960
Bogra,1993-1994,9760,4180
Bogra,1994-1995,8490,2700
Bogra,1995-1996,29800,20700
Bogra,1996-1997,33970,22110
Bogra,1997-1998,31210,20290
Bogra,1998-1999,26640,16870
Bogra,1999-2000,26370,17560
Bogra,2000-2001,19730,13450
Bogra,2001-2002,18060,12120
Bogra,2002-2003,17940,12740
Bogra,2003-2004,17890,12060
Bogra,2004-2005,17120,11850
Bogra,2005-2006,19867,14846
Bogra,2006-2007,20940,15891
Bogra,2007-2008,52555,44430
Bogra,2008-2009,71915,60130
Bogra,2009-2010,40894,27889
Bogra,2010-2011,54746,43404
Bogra,2011-2012,63314,53248
Bogra,2012-2013,57296,50923
Bogra,2013-2014,57296,56120
Bogra,2014-2015,56081,52125
Brahmanbaria,2006-2007,14010,7986
Brahmanbaria,2007-2008,8310,4535
Brahmanbaria,2008-2009,10620,6211
Brahmanbaria,2009-2010,7947,4455
Brahmanbaria,2010-2011,9621,6894
Brahmanbaria,2011-2012,14009,10367
Brahmanbaria,2012-2013,11723,8243
Brahmanbaria,2013-2014,9580,8127
Brahmanbaria,2014-2015,11714,10100
Chandpur,2006-2007,37490,24838
Chandpur,2007-2008,23450,15610
Chandpur,2008-2009,31390,23942
Chandpur,2009-2010,29625,21373
Chandpur,2010-2011,29093,22558
Chandpur,2011-2012,24538,24282
Chandpur,2012-2013,24725,22360
Chandpur,2013-2014,25344,22552
Chandpur,2014-2015,29308,25969
Chittagong,1969-1970,264775,121470
Chittagong,1970-1971,3760,217790
Chittagong,1971-1972,197320,95810
Chittagong,1972-1973,246185,100020
Chittagong,1973-1974,289650,162355
Chittagong,1974-1975,219465,159125
Chittagong,1975-1976,207375,137855
Chittagong,1976-1977,124050,64520
Chittagong,1977-1978,224980,163640
Chittagong,1978-1979,217115,154065
Chittagong,1979-1980,187360,106850
Chittagong,1980-1981,178215,118335
Chittagong,1981-1982,0,217485
Chittagong,1982-1983,189495,114730
Chittagong,1983-1984,183810,116210
Chittagong,1984-1985,180025,110965
Chittagong,1985-1986,160170,103573
Chittagong,1986-1987,144595,80500
Chittagong,1987-1988,3875,170545
Chittagong,1988-1989,99944,54785
Chittagong,1989-1990,113005,73215
Chittagong,1990-1991,119380,87790
Chittagong,1991-1992,109740,92890
Chittagong,1992-1993,109740,92890
Chittagong,1993-1994,99580,76110
Chittagong,1994-1995,87280,54700
Chittagong,1995-1996,44780,38580
Chittagong,1996-1997,88910,58230
Chittagong,1997-1998,106710,63990
Chittagong,1998-1999,112700,77210
Chittagong,1999-2000,106060,80160
Chittagong,2000-2001,106640,86960
Chittagong,2001-2002,113580,90730
Chittagong,2002-2003,118190,99430
Chittagong,2003-2004,126820,108360
Chittagong,2004-2005,112250,100830
Chittagong,2005-2006,86645,82878
Chittagong,2006-2007,91835,86859
Chittagong,2007-2008,99600,93523
Chittagong,2008-2009,103450,102177
Chittagong,2009-2010,104473,102418
Chittagong,2010-2011,108306,102394
Chittagong,2011-2012,111671,108080
Chittagong,2012-2013,108712,107343
Chittagong,2013-2014,109163,110758
Chittagong,2014-2015,108575,108026
Chittagong H.T.,1969-1970,128710,60160
Chittagong H.T.,1970-1971,4600,121610
Chittagong H.T.,1971-1972,117335,44420
Chittagong H.T.,1972-1973,101890,30915
Chittagong H.T.,1973-1974,99170,37775
Chittagong H.T.,1974-1975,93770,37935
Chittagong H.T.,1975-1976,103130,43725
Chittagong H.T.,1976-1977,72855,32940
Chittagong H.T.,1977-1978,73560,34750
Chittagong H.T.,1978-1979,90675,38480
Chuadanga,2006-2007,20660,15796
Chuadanga,2007-2008,27555,19851
Chuadanga,2008-2009,33950,27860
Chuadanga,2009-2010,25372,19735
Chuadanga,2010-2011,28466,23164
Chuadanga,2011-2012,35404,37880
Chuadanga,2012-2013,20271,20089
Chuadanga,2013-2014,20873,22977
Chuadanga,2014-2015,63034,70287
Comilla,1969-1970,566325,224045
Comilla,1970-1971,16335,564220
Comilla,1971-1972,502410,169950
Comilla,1972-1973,493115,157780
Comilla,1973-1974,499815,246235
Comilla,1974-1975,255630,93930
Comilla,1975-1976,477490,193045
Comilla,1976-1977,441140,182840
Comilla,1977-1978,459425,220465
Comilla,1978-1979,464690,237135
Comilla,1979-1980,470095,215295
Comilla,1980-1981,460465,217225
Comilla,1981-1982,0,488535
Comilla,1982-1983,488145,233480
Comilla,1983-1984,478180,235975
Comilla,1984-1985,406795,178169
Comilla,1985-1986,413310,160545
Comilla,1986-1987,429945,202280
Comilla,1987-1988,0,454210
Comilla,1988-1989,356485,209070
Comilla,1989-1990,309255,161980
Comilla,1990-1991,306800,177220
Comilla,1991-1992,282430,173430
Comilla,1992-1993,282430,173430
Comilla,1993-1994,237870,126790
Comilla,1994-1995,217770,100090
Comilla,1995-1996,127280,94540
Comilla,1996-1997,308210,162080
Comilla,1997-1998,305630,162450
Comilla,1998-1999,241660,119600
Comilla,1999-2000,218400,117650
Comilla,2000-2001,266460,197330
Comilla,2001-2002,271060,199690
Comilla,2002-2003,248920,182030
Comilla,2003-2004,229040,165300
Comilla,2004-2005,207260,140460
Comilla,2005-2006,209025,154405
Comilla,2006-2007,116225,90069
Comilla,2007-2008,77375,50677
Comilla,2008-2009,124460,99278
Comilla,2009-2010,160828,137086
Comilla,2010-2011,161742,141448
Comilla,2011-2012,172231,157418
Comilla,2012-2013,166611,161670
Comilla,2013-2014,172392,189004
Comilla,2014-2015,169961,172306
Cox's Bazar,2006-2007,1725,1897
Cox's Bazar,2007-2008,1765,1837
Cox's Bazar,2008-2009,1785,1871
Cox's Bazar,2009-2010,1632,2209
Cox's Bazar,2010-2011,12494,13572
Cox's Bazar,2011-2012,7804,8779
Cox's Bazar,2012-2013,5676,5690
Cox's Bazar,2013-2014,5347,4747
Cox's Bazar,2014-2015,4405,4110
Dhaka,1969-1970,499125,185035
Dhaka,1970-1971,3100,400750
Dhaka,1971-1972,406315,150285
Dhaka,1972-1973,360745,104565
Dhaka,1973-1974,385775,138340
Dhaka,1974-1975,428705,154415
Dhaka,1975-1976,414945,152100
Dhaka,1976-1977,406025,154110
Dhaka,1977-1978,394620,162935
Dhaka,1978-1979,380420,160060
Dhaka,1979-1980,376830,149470
Dhaka,1980-1981,432070,162670
Dhaka,1981-1982,1890,417890
Dhaka,1982-1983,405185,181500
Dhaka,1983-1984,428525,192720
Dhaka,1984-1985,385010,159694
Dhaka,1985-1986,282855,123688
Dhaka,1986-1987,329715,143855
Dhaka,1987-1988,1310,283530
Dhaka,1988-1989,324355,108760
Dhaka,1989-1990,263270,109475
Dhaka,1990-1991,224780,89550
Dhaka,1991-1992,188450,73170
Dhaka,1992-1993,188450,73170
Dhaka,1993-1994,169980,61690
Dhaka,1994-1995,161180,55010
Dhaka,1995-1996,14490,8120
Dhaka,1996-1997,138610,49120
Dhaka,1997-1998,141200,45980
Dhaka,1998-1999,117890,37360
Dhaka,1999-2000,123520,40990
Dhaka,2000-2001,117280,44170
Dhaka,2001-2002,114850,48540
Dhaka,2002-2003,108390,42490
Dhaka,2003-2004,107500,46340
Dhaka,2004-2005,57420,22780
Dhaka,2005-2006,35870,17518
Dhaka,2006-2007,3490,1239
Dhaka,2007-2008,1960,804
Dhaka,2008-2009,2780,1492
Dhaka,2009-2010,2227,1353
Dhaka,2010-2011,1607,912
Dhaka,2011-2012,1552,927
Dhaka,2012-2013,1241,752
Dhaka,2013-2014,1178,947
Dhaka,2014-2015,1711,1413
Dinajpur,1969-1970,484460,187185
Dinajpur,1970-1971,8185,489920
Dinajpur,1971-1972,303370,103045
Dinajpur,1972-1973,274650,82835
Dinajpur,1973-1974,422110,162525
Dinajpur,1974-1975,455420,167430
Dinajpur,1975-1976,475230,178225
Dinajpur,1976-1977,498780,198530
Dinajpur,1977-1978,458780,167045
Dinajpur,1978-1979,497925,201895
Dinajpur,1979-1980,441005,163610
Dinajpur,1980-1981,483205,187700
Dinajpur,1981-1982,0,416430
Dinajpur,1982-1983,381675,160800
Dinajpur,1983-1984,426560,192885
Dinajpur,1984-1985,433295,194113
Dinajpur,1985-1986,382540,169910
Dinajpur,1986-1987,315110,145675
Dinajpur,1987-1988,0,340840
Dinajpur,1988-1989,314955,133035
Dinajpur,1989-1990,215110,82140
Dinajpur,1990-1991,215360,88510
Dinajpur,1991-1992,180670,77750
Dinajpur,1992-1993,180670,77750
Dinajpur,1993-1994,115790,53090
Dinajpur,1994-1995,110150,31070
Dinajpur,1995-1996,53900,31270
Dinajpur,1996-1997,95090,43290
Dinajpur,1997-1998,90370,41960
Dinajpur,1998-1999,83890,39620
Dinajpur,1999-2000,72270,34120
Dinajpur,2000-2001,42040,30840
Dinajpur,2001-2002,28770,15510
Dinajpur,2002-2003,31960,26680
Dinajpur,2003-2004,27130,23780
Dinajpur,2004-2005,24980,19480
Dinajpur,2005-2006,20866,17752
Dinajpur,2006-2007,19260,14343
Dinajpur,2007-2008,25145,17608
Dinajpur,2008-2009,22755,22245
Dinajpur,2009-2010,9578,7826
Dinajpur,2010-2011,10705,8603
Dinajpur,2011-2012,14314,15678
Dinajpur,2012-2013,54201,30776
Dinajpur,2013-2014,57176,37392
Dinajpur,2014-2015,12067,11216
Faridpur,1969-1970,577015,164925
Faridpur,1970-1971,0,479420
Faridpur,1971-1972,435560,117600
Faridpur,1972-1973,539500,153000
Faridpur,1973-1974,489225,138260
Faridpur,1974-1975,572305,176270
Faridpur,1975-1976,585000,171920
Faridpur,1976-1977,599775,143650
Faridpur,1977-1978,554605,118205
Faridpur,1978-1979,551100,150380
Faridpur,1979-1980,531140,122995
Faridpur,1980-1981,427805,121725
Faridpur,1981-1982,0,517000
Faridpur,1982-1983,542225,146155
Faridpur,1983-1984,545530,157765
Faridpur,1984-1985,467190,107464
Faridpur,1985-1986,560900,149845
Faridpur,1986-1987,602530,211660
Faridpur,1987-1988,0,649690
Faridpur,1988-1989,688820,232700
Faridpur,1989-1990,588790,206795
Faridpur,1990-1991,497050,139140
Faridpur,1991-1992,420190,131010
Faridpur,1992-1993,420190,131010
Faridpur,1993-1994,433360,134670
Faridpur,1994-1995,448740,162210
Faridpur,1995-1996,1390,1240
Faridpur,1996-1997,408260,149770
Faridpur,1997-1998,393480,122450
Faridpur,1998-1999,378610,117650
Faridpur,1999-2000,373810,133270
Faridpur,2000-2001,317710,132840
Faridpur,2001-2002,335960,129700
Faridpur,2002-2003,317070,127970
Faridpur,2003-2004,327240,142180
Faridpur,2004-2005,220300,75590
Faridpur,2005-2006,197718,73436
Faridpur,2006-2007,41920,12678
Faridpur,2007-2008,19740,5512
Faridpur,2008-2009,35265,14034
Faridpur,2009-2010,32845,12374
Faridpur,2010-2011,23593,8557
Faridpur,2011-2012,18825,5272
Faridpur,2012-2013,20142,9068
Faridpur,2013-2014,18764,9272
Faridpur,2014-2015,16626,10599
Feni,2006-2007,34435,25262
Feni,2007-2008,32765,18206
Feni,2008-2009,34055,24654
Feni,2009-2010,29975,24875
Feni,2010-2011,29604,22156
Feni,2011-2012,30420,29897
Feni,2012-2013,30734,27255
Feni,2013-2014,33181,27035
Feni,2014-2015,29269,26338
Gaibandha,2006-2007,40,46
Gaibandha,2007-2008,25,14
Gaibandha,2008-2009,785,535
Gaibandha,2009-2010,386,299
Gaibandha,2010-2011,342,266
Gaibandha,2011-2012,281,222
Gaibandha,2012-2013,145,110
Gaibandha,2013-2014,110,80
Gaibandha,2014-2015,804,600
Gazipur,2006-2007,5970,3846
Gazipur,2007-2008,6445,4328
Gazipur,2008-2009,6595,4199
Gazipur,2009-2010,6145,4086
Gazipur,2010-2011,5763,3869
Gazipur,2011-2012,5258,4103
Gazipur,2012-2013,5258,3730
Gazipur,2013-2014,6004,6324
Gazipur,2014-2015,4131,4071
Gopalgonj,2006-2007,17625,5316
Gopalgonj,2007-2008,8980,3181
Gopalgonj,2008-2009,10115,3829
Gopalgonj,2009-2010,12392,4332
Gopalgonj,2010-2011,8663,2940
Gopalgonj,2011-2012,8006,2847
Gopalgonj,2012-2013,7684,3224
Gopalgonj,2013-2014,7708,5669
Gopalgonj,2014-2015,6598,3953
Hobigonj,2006-2007,67250,55222
Hobigonj,2007-2008,71425,46895
Hobigonj,2008-2009,73555,62773
Hobigonj,2009-2010,83005,80321
Hobigonj,2010-2011,84356,78956
Hobigonj,2011-2012,85208,83736
Hobigonj,2012-2013,83168,77575
Hobigonj,2013-2014,84818,86459
Hobigonj,2014-2015,86028,83460
Jamalpur,1979-1980,295850,117860
Jamalpur,1980-1981,332705,134955
Jamalpur,1981-1982,65,301530
Jamalpur,1982-1983,316910,137880
Jamalpur,1983-1984,304010,127990
Jamalpur,1984-1985,301940,122234
Jamalpur,1985-1986,283310,119840
Jamalpur,1986-1987,232775,108055
Jamalpur,1987-1988,0,203925
Jamalpur,1988-1989,171525,69625
Jamalpur,1989-1990,157090,60625
Jamalpur,1990-1991,161000,58830
Jamalpur,1991-1992,150440,55060
Jamalpur,1992-1993,150440,55060
Jamalpur,1993-1994,136160,53840
Jamalpur,1994-1995,158960,54870
Jamalpur,1995-1996,19270,11760
Jamalpur,1996-1997,125250,44000
Jamalpur,1997-1998,111410,41710
Jamalpur,1998-1999,89160,31990
Jamalpur,1999-2000,73760,28300
Jamalpur,2000-2001,65140,32470
Jamalpur,2001-2002,51960,28010
Jamalpur,2002-2003,46760,22930
Jamalpur,2003-2004,43050,20070
Jamalpur,2004-2005,31470,12700
Jamalpur,2005-2006,32126,17193
Jamalpur,2006-2007,1480,739
Jamalpur,2007-2008,1375,885
Jamalpur,2008-2009,3255,1412
Jamalpur,2009-2010,2793,1539
Jamalpur,2010-2011,4220,1975
Jamalpur,2011-2012,2395,1700
Jamalpur,2012-2013,1646,1062
Jamalpur,2013-2014,1842,1059
Jamalpur,2014-2015,3562,2530
Jessore,1969-1970,636155,214345
Jessore,1970-1971,7505,637010
Jessore,1971-1972,626820,203210
Jessore,1972-1973,561830,176050
Jessore,1973-1974,607925,212720
Jessore,1974-1975,689660,263875
Jessore,1975-1976,710400,275895
Jessore,1976-1977,676210,253420
Jessore,1977-1978,637130,273115
Jessore,1978-1979,619325,261270
Jessore,1979-1980,577205,207870
Jessore,1980-1981,574185,224330
Jessore,1981-1982,0,538100
Jessore,1982-1983,516390,172050
Jessore,1983-1984,510865,165360
Jessore,1984-1985,443880,161406
Jessore,1985-1986,396590,156665
Jessore,1986-1987,532090,240375
Jessore,1987-1988,0,552800
Jessore,1988-1989,517310,229615
Jessore,1989-1990,380225,172115
Jessore,1990-1991,324580,150680
Jessore,1991-1992,357200,189030
Jessore,1992-1993,357200,189030
Jessore,1993-1994,246970,112100
Jessore,1994-1995,231300,116180
Jessore,1995-1996,50610,45130
Jessore,1996-1997,200840,110800
Jessore,1997-1998,237110,143420
Jessore,1998-1999,247250,143410
Jessore,1999-2000,247890,134770
Jessore,2000-2001,220870,152920
Jessore,2001-2002,170780,115200
Jessore,2002-2003,173240,127630
Jessore,2003-2004,165240,114240
Jessore,2004-2005,140540,113280
Jessore,2005-2006,142599,116121
Jessore,2006-2007,72520,75625
Jessore,2007-2008,86660,80571
Jessore,2008-2009,99345,93031
Jessore,2009-2010,80943,71742
Jessore,2010-2011,110794,106195
Jessore,2011-2012,107093,106649
Jessore,2012-2013,150043,111964
Jessore,2013-2014,149043,105251
Jessore,2014-2015,84690,96397
Jhalakathi,2006-2007,53915,34461
Jhalakathi,2007-2008,51570,35671
Jhalakathi,2008-2009,55735,40202
Jhalakathi,2009-2010,51108,39107
Jhalakathi,2010-2011,57781,43383
Jhalakathi,2011-2012,61609,44006
Jhalakathi,2012-2013,52630,40919
Jhalakathi,2013-2014,51019,44909
Jhalakathi,2014-2015,46135,36433
Jhenaidah,2006-2007,31065,22234
Jhenaidah,2007-2008,42005,30906
Jhenaidah,2008-2009,56205,50131
Jhenaidah,2009-2010,66864,55054
Jhenaidah,2010-2011,59948,54958
Jhenaidah,2011-2012,64671,61597
Jhenaidah,2012-2013,106754,92321
Jhenaidah,2013-2014,104754,113110
Jhenaidah,2014-2015,52867,59845
Joypurhat,2006-2007,420,321
Joypurhat,2007-2008,220,155
Joypurhat,2008-2009,125,95
Joypurhat,2009-2010,70,32
Joypurhat,2010-2011,136,106
Joypurhat,2011-2012,78,64
Joypurhat,2012-2013,24,19
Joypurhat,2013-2014,24,19
Joypurhat,2014-2015,0,0
Khagrachari,1979-1980,0,0
Khagrachari,1980-1981,0,0
Khagrachari,1981-1982,0,0
Khagrachari,1982-1983,0,0
Khagrachari,1983-1984,0,0
Khagrachari,1984-1985,21075,11943
Khagrachari,1985-1986,19105,11945
Khagrachari,1986-1987,11820,8195
Khagrachari,1987-1988,890,10630
Khagrachari,1988-1989,8375,4570
Khagrachari,1989-1990,5090,3010
Khagrachari,1990-1991,5330,3870
Khagrachari,1991-1992,5870,3990
Khagrachari,1992-1993,5870,3990
Khagrachari,1993-1994,4090,2870
Khagrachari,1994-1995,3950,2930
Khagrachari,1995-1996,2820,2330
Khagrachari,1996-1997,4190,3050
Khagrachari,1997-1998,5870,4150
Khagrachari,1998-1999,3040,1670
Khagrachari,1999-2000,2700,1680
Khagrachari,2000-2001,3700,2830
Khagrachari,2001-2002,5200,3850
Khagrachari,2002-2003,5790,4640
Khagrachari,2003-2004,5870,6640
Khagrachari,2004-2005,6100,5890
Khagrachari,2005-2006,7384,6991
Khagrachari,2006-2007,6585,5111
Khagrachari,2007-2008,6545,5791
Khagrachari,2008-2009,6440,4864
Khagrachari,2009-2010,5891,4382
Khagrachari,2010-2011,6072,4763
Khagrachari,2011-2012,5961,5182
Khagrachari,2012-2013,6243,4943
Khagrachari,2013-2014,6114,4570
Khagrachari,2014-2015,6406,4687
Khulna,1969-1970,119700,49115
Khulna,1970-1971,6590,83640
Khulna,1971-1972,93475,40365
Khulna,1972-1973,72400,20215
Khulna,1973-1974,102755,39345
Khulna,1974-1975,108965,53135
Khulna,1975-1976,105785,45630
Khulna,1976-1977,106535,47180
Khulna,1977-1978,109320,46255
Khulna,1978-1979,110175,50365
Khulna,1979-1980,106240,46675
Khulna,1980-1981,176710,80420
Khulna,1981-1982,5,114030
Khulna,1982-1983,124055,57430
Khulna,1983-1984,124525,57070
Khulna,1984-1985,73860,28084
Khulna,1985-1986,83680,32150
Khulna,1986-1987,84365,37430
Khulna,1987-1988,0,102505
Khulna,1988-1989,123975,58115
Khulna,1989-1990,102320,46045
Khulna,1990-1991,92660,48270
Khulna,1991-1992,86110,57100
Khulna,1992-1993,86110,57100
Khulna,1993-1994,104290,64210
Khulna,1994-1995,93930,56710
Khulna,1995-1996,27580,22200
Khulna,1996-1997,57310,36250
Khulna,1997-1998,55050,35760
Khulna,1998-1999,46960,32120
Khulna,1999-2000,52020,32700
Khulna,2000-2001,31390,20670
Khulna,2001-2002,32080,22490
Khulna,2002-2003,29720,20940
Khulna,2003-2004,29550,21210
Khulna,2004-2005,32830,23280
Khulna,2005-2006,32223,24482
Khulna,2006-2007,10750,5557
Khulna,2007-2008,13695,8060
Khulna,2008-2009,18980,11594
Khulna,2009-2010,14517,8320
Khulna,2010-2011,13986,8569
Khulna,2011-2012,17965,10584
Khulna,2012-2013,20883,19150
Khulna,2013-2014,19414,17413
Khulna,2014-2015,8392,4525
Khustia,2006-2007,58880,41294
Khustia,2007-2008,67255,38256
Khustia,2008-2009,88225,65995
Khustia,2009-2010,87106,62781
Khustia,2010-2011,106143,91493
Khustia,2011-2012,111408,104178
Khustia,2012-2013,21873,18113
Khustia,2013-2014,21599,18613
Kishoregonj,1969-1970,218880,54375
Kishoregonj,1970-1971,1075,231180
Kishoregonj,1971-1972,240585,63310
Kishoregonj,1972-1973,220290,67895
Kishoregonj,1973-1974,273055,99485
Kishoregonj,1974-1975,266980,95545
Kishoregonj,1975-1976,320755,136050
Kishoregonj,1976-1977,251410,102635
Kishoregonj,1977-1978,233025,102005
Kishoregonj,1978-1979,205575,83750
Kishoregonj,1979-1980,221670,78830
Kishoregonj,1980-1981,283930,114710
Kishoregonj,1981-1982,1270,309765
Kishoregonj,1982-1983,325670,128285
Kishoregonj,1983-1984,295580,144000
Kishoregonj,1984-1985,286135,140330
Kishoregonj,1985-1986,264660,125830
Kishoregonj,1986-1987,246735,124735
Kishoregonj,1987-1988,0,285670
Kishoregonj,1988-1989,138640,70240
Kishoregonj,1989-1990,189485,99270
Kishoregonj,1990-1991,165880,87710
Kishoregonj,1991-1992,167490,93530
Kishoregonj,1992-1993,167490,93530
Kishoregonj,1993-1994,170730,104860
Kishoregonj,1994-1995,159260,81100
Kishoregonj,1995-1996,103420,62850
Kishoregonj,1996-1997,142730,77710
Kishoregonj,1997-1998,142570,79940
Kishoregonj,1998-1999,135850,61650
Kishoregonj,1999-2000,131680,81420
Kishoregonj,2000-2001,139750,95560
Kishoregonj,2001-2002,102820,72310
Kishoregonj,2002-2003,94900,69200
Kishoregonj,2003-2004,89470,64380
Kishoregonj,2004-2005,76090,41300
Kishoregonj,2005-2006,75273,60797
Kishoregonj,2006-2007,44995,37659
Kishoregonj,2007-2008,32135,25072
Kishoregonj,2008-2009,40460,33845
Kishoregonj,2009-2010,42450,33830
Kishoregonj,2010-2011,52394,41973
Kishoregonj,2011-2012,52893,44564
Kishoregonj,2012-2013,46128,40132
Kishoregonj,2013-2014,48461,47548
Kishoregonj,2014-2015,47331,45640
Kurigram,2006-2007,4830,2046
Kurigram,2007-2008,2340,1310
Kurigram,2008-2009,895,516
Kurigram,2009-2010,596,214
Kurigram,2010-2011,536,286
Kurigram,2011-2012,538,306
Kurigram,2012-2013,335,219
Kurigram,2013-2014,412,248
Kurigram,2014-2015,2057,1621
Kushtia,1969-1970,359405,97455
Kushtia,1970-1971,11100,336900
Kushtia,1971-1972,324890,73505
Kushtia,1972-1973,284165,99300
Kushtia,1973-1974,363280,123980
Kushtia,1974-1975,382675,146880
Kushtia,1975-1976,350320,125975
Kushtia,1976-1977,371605,112540
Kushtia,1977-1978,351520,135620
Kushtia,1978-1979,370125,151070
Kushtia,1979-1980,315905,107760
Kushtia,1980-1981,343565,141530
Kushtia,1981-1982,0,360190
Kushtia,1982-1983,360230,95340
Kushtia,1983-1984,308445,134345
Kushtia,1984-1985,330700,172190
Kushtia,1985-1986,327915,170345
Kushtia,1986-1987,396250,197805
Kushtia,1987-1988,0,418935
Kushtia,1988-1989,389420,193575
Kushtia,1989-1990,306975,149965
Kushtia,1990-1991,296170,166380
Kushtia,1991-1992,263360,140570
Kushtia,1992-1993,263360,140570
Kushtia,1993-1994,249370,137410
Kushtia,1994-1995,212880,117090
Kushtia,1995-1996,19110,18100
Kushtia,1996-1997,182680,98690
Kushtia,1997-1998,178890,97250
Kushtia,1998-1999,183420,105650
Kushtia,1999-2000,177530,110540
Kushtia,2000-2001,173320,106020
Kushtia,2001-2002,152690,95370
Kushtia,2002-2003,142430,86110
Kushtia,2003-2004,130630,74560
Kushtia,2004-2005,90310,63580
Kushtia,2005-2006,98548,75932
Kushtia,2014-2015,87950,87903
Lakshmipur,2006-2007,64305,45088
Lakshmipur,2007-2008,77890,47022
Lakshmipur,2008-2009,78770,49669
Lakshmipur,2009-2010,70437,44473
Lakshmipur,2010-2011,87452,56982
Lakshmipur,2011-2012,87488,61901
Lakshmipur,2012-2013,84594,62770
Lakshmipur,2013-2014,82454,57894
Lakshmipur,2014-2015,80036,57799
Lalmonirhat,2006-2007,0,0
Lalmonirhat,2007-2008,0,0
Lalmonirhat,2008-2009,180,154
Lalmonirhat,2009-2010,0,0
Lalmonirhat,2010-2011,0,0
Lalmonirhat,2011-2012,0,0
Lalmonirhat,2012-2013,0,0
Lalmonirhat,2013-2014,0,0
Lalmonirhat,2014-2015,0,0
Madaripur,2006-2007,20350,6707
Madaripur,2007-2008,5590,2064
Madaripur,2008-2009,8535,3858
Madaripur,2009-2010,9877,3998
Madaripur,2010-2011,6389,2317
Madaripur,2011-2012,4742,1784
Madaripur,2012-2013,5394,1998
Madaripur,2013-2014,5650,3341
Madaripur,2014-2015,3755,2031
Magura,2006-2007,13310,9135
Magura,2007-2008,8650,5490
Magura,2008-2009,14940,9858
Magura,2009-2010,16729,13751
Magura,2010-2011,29603,26635
Magura,2011-2012,24287,28041
Magura,2012-2013,100933,92290
Magura,2013-2014,97520,105021
Magura,2014-2015,18244,14961
Manikgonj,2006-2007,6425,1090
Manikgonj,2007-2008,3375,661
Manikgonj,2008-2009,1025,228
Manikgonj,2009-2010,874,244
Manikgonj,2010-2011,785,220
Manikgonj,2011-2012,954,463
Manikgonj,2012-2013,803,359
Manikgonj,2013-2014,1158,960
Manikgonj,2014-2015,1977,1622
Maulavibazar,2006-2007,53980,42444
Maulavibazar,2007-2008,58785,46604
Maulavibazar,2008-2009,46570,37638
Maulavibazar,2009-2010,44378,39324
Maulavibazar,2010-2011,69243,59875
Maulavibazar,2011-2012,58017,58390
Maulavibazar,2012-2013,66940,64335
Maulavibazar,2013-2014,69615,75584
Maulavibazar,2014-2015,76890,81801
Meherpur,2006-2007,9390,6985
Meherpur,2007-2008,9785,6720
Meherpur,2008-2009,12165,8294
Meherpur,2009-2010,16402,12770
Meherpur,2010-2011,13658,12310
Meherpur,2011-2012,17907,19436
Meherpur,2012-2013,97202,84560
Meherpur,2013-2014,91970,92602
Meherpur,2014-2015,20979,25465
Munshigonj,2006-2007,8015,2668
Munshigonj,2007-2008,5970,2582
Munshigonj,2008-2009,3085,1319
Munshigonj,2009-2010,3553,2676
Munshigonj,2010-2011,1458,684
Munshigonj,2011-2012,1304,713
Munshigonj,2012-2013,1587,1187
Munshigonj,2013-2014,1550,1418
Munshigonj,2014-2015,865,821
Mymensingh,1969-1970,1089970,325685
Mymensingh,1970-1971,9935,709830
Mymensingh,1971-1972,720075,222270
Mymensingh,1972-1973,729060,198725
Mymensingh,1973-1974,759010,276755
Mymensingh,1974-1975,767605,319040
Mymensingh,1975-1976,782910,330305
Mymensingh,1976-1977,752800,338320
Mymensingh,1977-1978,714730,304055
Mymensingh,1978-1979,722490,328815
Mymensingh,1979-1980,400835,218210
Mymensingh,1980-1981,423400,233880
Mymensingh,1981-1982,6070,450075
Mymensingh,1982-1983,478370,227570
Mymensingh,1983-1984,472820,228020
Mymensingh,1984-1985,473915,215394
Mymensingh,1985-1986,440630,217721
Mymensingh,1986-1987,430700,206995
Mymensingh,1987-1988,1810,446685
Mymensingh,1988-1989,411745,182555
Mymensingh,1989-1990,328765,154895
Mymensingh,1990-1991,316070,141370
Mymensingh,1991-1992,316670,148400
Mymensingh,1992-1993,316670,148400
Mymensingh,1993-1994,252440,122270
Mymensingh,1994-1995,258460,105170
Mymensingh,1995-1996,127530,90210
Mymensingh,1996-1997,262340,131170
Mymensingh,1997-1998,243370,134620
Mymensingh,1998-1999,216520,106660
Mymensingh,1999-2000,194930,100660
Mymensingh,2000-2001,186180,116570
Mymensingh,2001-2002,169220,114840
Mymensingh,2002-2003,168720,104440
Mymensingh,2003-2004,161460,112890
Mymensingh,2004-2005,134710,84190
Mymensingh,2005-2006,131882,86758
Mymensingh,2006-2007,131785,91233
Mymensingh,2007-2008,127325,88198
Mymensingh,2008-2009,147495,106457
Mymensingh,2009-2010,123129,71548
Mymensingh,2010-2011,139151,103901
Mymensingh,2011-2012,133521,108383
Mymensingh,2012-2013,96697,75085
Mymensingh,2013-2014,75564,63482
Mymensingh,2014-2015,65658,62928
Narail,2006-2007,20925,9708
Narail,2007-2008,18520,8803
Narail,2008-2009,20325,10123
Narail,2009-2010,16998,8603
Narail,2010-2011,12053,5859
Narail,2011-2012,12742,6182
Narail,2012-2013,53156,51147
Narail,2013-2014,52767,61503
Narail,2014-2015,11430,6880
Narayangonj,2006-2007,1490,774
Narayangonj,2007-2008,2570,1617
Narayangonj,2008-2009,2525,1591
Narayangonj,2009-2010,1947,2220
Narayangonj,2010-2011,1195,1003
Narayangonj,2011-2012,523,383
Narayangonj,2012-2013,440,328
Narayangonj,2013-2014,370,344
Narayangonj,2014-2015,51,49
Narsingdi,2006-2007,1605,531
Narsingdi,2007-2008,1085,484
Narsingdi,2008-2009,1050,530
Narsingdi,2009-2010,1022,516
Narsingdi,2010-2011,1012,517
Narsingdi,2011-2012,818,609
Narsingdi,2012-2013,648,493
Narsingdi,2013-2014,664,419
Narsingdi,2014-2015,739,474
Natore,2006-2007,19975,11140
Natore,2007-2008,22360,11419
Natore,2008-2009,27120,16321
Natore,2009-2010,21774,11795
Natore,2010-2011,27399,16963
Natore,2011-2012,26101,21442
Natore,2012-2013,4499,3916
Natore,2013-2014,3377,3353
Natore,2014-2015,19096,16122
Nawabgonj,2006-2007,80660,65724
Nawabgonj,2007-2008,102135,74924
Nawabgonj,2008-2009,121330,81055
Nawabgonj,2009-2010,106005,74854
Nawabgonj,2010-2011,129951,101865
Nawabgonj,2011-2012,128176,99807
Nawabgonj,2012-2013,8,4
Nawabgonj,2013-2014,2,1
Nawabgonj,2014-2015,111406,108316
Netrokona,2006-2007,15740,11522
Netrokona,2007-2008,11475,8082
Netrokona,2008-2009,10925,6613
Netrokona,2009-2010,5086,2785
Netrokona,2010-2011,4542,3468
Netrokona,2011-2012,2285,1598
Netrokona,2012-2013,1767,1418
Netrokona,2013-2014,1804,1253
Netrokona,2014-2015,532,330
Nilphamari,2006-2007,0,0
Nilphamari,2007-2008,0,0
Nilphamari,2008-2009,0,0
Nilphamari,2009-2010,0,0
Nilphamari,2010-2011,0,0
Nilphamari,2011-2012,0,0
Nilphamari,2012-2013,0,0
Nilphamari,2013-2014,0,0
Nilphamari,2014-2015,0,0
Noagaon,2006-2007,52895,45572
Noagaon,2007-2008,72605,65714
Noagaon,2008-2009,85715,80586
Noagaon,2009-2010,75283,55776
Noagaon,2010-2011,135378,136237
Noagaon,2011-2012,137516,117474
Noagaon,2012-2013,11891,10333
Noagaon,2013-2014,9484,8411
Noagaon,2014-2015,127603,144321
Noakhali,1969-1970,478290,154690
Noakhali,1970-1971,6265,489270
Noakhali,1971-1972,463375,143625
Noakhali,1972-1973,436350,158530
Noakhali,1973-1974,417350,149690
Noakhali,1974-1975,288995,93545
Noakhali,1975-1976,395450,166325
Noakhali,1976-1977,386670,208840
Noakhali,1977-1978,312290,166645
Noakhali,1978-1979,329880,170765
Noakhali,1979-1980,360095,153860
Noakhali,1980-1981,297360,177570
Noakhali,1981-1982,105,261970
Noakhali,1982-1983,306995,139880
Noakhali,1983-1984,307440,161610
Noakhali,1984-1985,281960,141752
Noakhali,1985-1986,314540,149770
Noakhali,1986-1987,441345,204515
Noakhali,1987-1988,30,358530
Noakhali,1988-1989,464220,224765
Noakhali,1989-1990,372485,172705
Noakhali,1990-1991,293110,128080
Noakhali,1991-1992,275600,106980
Noakhali,1992-1993,275600,106980
Noakhali,1993-1994,175820,70400
Noakhali,1994-1995,242260,99010
Noakhali,1995-1996,108820,72950
Noakhali,1996-1997,241090,117480
Noakhali,1997-1998,225370,105670
Noakhali,1998-1999,195890,82860
Noakhali,1999-2000,221980,125550
Noakhali,2000-2001,219240,122050
Noakhali,2001-2002,218990,129980
Noakhali,2002-2003,224800,133980
Noakhali,2003-2004,213550,123190
Noakhali,2004-2005,208050,119320
Noakhali,2005-2006,210436,128835
Noakhali,2006-2007,82155,56648
Noakhali,2007-2008,98060,47722
Noakhali,2008-2009,100010,50873
Noakhali,2009-2010,110616,67155
Noakhali,2010-2011,146057,91366
Noakhali,2011-2012,145880,96321
Noakhali,2012-2013,141596,94064
Noakhali,2013-2014,142964,93622
Noakhali,2014-2015,132752,93409
Pabna,1969-1970,414815,145150
Pabna,1970-1971,175,324480
Pabna,1971-1972,324625,88315
Pabna,1972-1973,293915,89755
Pabna,1973-1974,239815,67255
Pabna,1974-1975,292380,86510
Pabna,1975-1976,342900,105410
Pabna,1976-1977,376580,113110
Pabna,1977-1978,367750,113160
Pabna,1978-1979,387125,129340
Pabna,1979-1980,343425,108760
Pabna,1980-1981,350110,127705
Pabna,1981-1982,0,339990
Pabna,1982-1983,380260,99160
Pabna,1983-1984,368205,106025
Pabna,1984-1985,369935,104791
Pabna,1985-1986,340350,103930
Pabna,1986-1987,262040,97380
Pabna,1987-1988,0,206465
Pabna,1988-1989,197140,62715
Pabna,1989-1990,145870,55260
Pabna,1990-1991,135160,41690
Pabna,1991-1992,107870,34880
Pabna,1992-1993,107870,34880
Pabna,1993-1994,100440,32120
Pabna,1994-1995,93770,24630
Pabna,1995-1996,710,290
Pabna,1996-1997,70120,21480
Pabna,1997-1998,65900,23090
Pabna,1998-1999,67500,22940
Pabna,1999-2000,54970,21880
Pabna,2000-2001,60460,22870
Pabna,2001-2002,62860,23710
Pabna,2002-2003,70520,29450
Pabna,2003-2004,71570,32280
Pabna,2004-2005,51210,19960
Pabna,2005-2006,59975,30713
Pabna,2006-2007,50180,17732
Pabna,2007-2008,45795,16038
Pabna,2008-2009,54065,24011
Pabna,2009-2010,49000,18061
Pabna,2010-2011,54112,22009
Pabna,2011-2012,55507,33050
Pabna,2012-2013,125252,130208
Pabna,2013-2014,124382,142396
Pabna,2014-2015,50573,33782
Panchagar,2006-2007,0,0
Panchagar,2007-2008,0,0
Panchagar,2008-2009,0,0
Panchagar,2009-2010,0,0
Panchagar,2010-2011,0,0
Panchagar,2011-2012,11,5
Panchagar,2012-2013,93465,95161
Panchagar,2013-2014,92072,95889
Panchagar,2014-2015,0,0
Patuakhali,1969-1970,126740,39200
Patuakhali,1970-1971,7100,127670
Patuakhali,1971-1972,101145,29925
Patuakhali,1972-1973,98450,31860
Patuakhali,1973-1974,103710,39095
Patuakhali,1974-1975,132320,29265
Patuakhali,1975-1976,113145,36530
Patuakhali,1976-1977,124450,49675
Patuakhali,1977-1978,139115,47395
Patuakhali,1978-1979,140565,49670
Patuakhali,1979-1980,100545,36588
Patuakhali,1980-1981,179930,73860
Patuakhali,1981-1982,0,168495
Patuakhali,1982-1983,157170,68120
Patuakhali,1983-1984,183135,80915
Patuakhali,1984-1985,186595,57150
Patuakhali,1985-1986,207760,70645
Patuakhali,1986-1987,258005,88220
Patuakhali,1987-1988,0,298585
Patuakhali,1988-1989,288825,90675
Patuakhali,1989-1990,175200,68270
Patuakhali,1990-1991,196730,81120
Patuakhali,1991-1992,176960,67930
Patuakhali,1992-1993,176960,67930
Patuakhali,1993-1994,146300,66360
Patuakhali,1994-1995,162040,71320
Patuakhali,1995-1996,38160,28540
Patuakhali,1996-1997,202020,101980
Patuakhali,1997-1998,209680,96660
Patuakhali,1998-1999,213740,104040
Patuakhali,1999-2000,223510,111820
Patuakhali,2000-2001,253490,146690
Patuakhali,2001-2002,248180,138170
Patuakhali,2002-2003,253360,152210
Patuakhali,2003-2004,252060,157160
Patuakhali,2004-2005,272970,170340
Patuakhali,2005-2006,258479,181349
Patuakhali,2006-2007,149595,83625
Patuakhali,2007-2008,159430,85233
Patuakhali,2008-2009,165350,105189
Patuakhali,2009-2010,150498,94870
Patuakhali,2010-2011,164908,116945
Patuakhali,2011-2012,165639,132169
Patuakhali,2012-2013,36180,34671
Patuakhali,2013-2014,53095,57826
Patuakhali,2014-2015,144419,115113
Perojpur,2006-2007,50180,29723
Perojpur,2007-2008,45310,26584
Perojpur,2008-2009,54025,36111
Perojpur,2009-2010,58077,40949
Perojpur,2010-2011,69446,54770
Perojpur,2011-2012,76704,61796
Perojpur,2012-2013,67379,53089
Perojpur,2013-2014,67451,50344
Perojpur,2014-2015,65031,54668
Rajbari,2006-2007,30270,9625
Rajbari,2007-2008,10870,4206
Rajbari,2008-2009,11165,6460
Rajbari,2009-2010,23581,8113
Rajbari,2010-2011,15573,5592
Rajbari,2011-2012,11573,3617
Rajbari,2012-2013,10167,3982
Rajbari,2013-2014,8080,4096
Rajbari,2014-2015,5265,2465
Rajshahi,1969-1970,474080,173860
Rajshahi,1970-1971,1010,463400
Rajshahi,1971-1972,442885,132530
Rajshahi,1972-1973,437000,142845
Rajshahi,1973-1974,451420,150530
Rajshahi,1974-1975,425855,154075
Rajshahi,1975-1976,454860,163535
Rajshahi,1976-1977,497060,177765
Rajshahi,1977-1978,477060,181435
Rajshahi,1978-1979,483970,171035
Rajshahi,1979-1980,429340,131785
Rajshahi,1980-1981,313970,113980
Rajshahi,1981-1982,0,462170
Rajshahi,1982-1983,360350,117665
Rajshahi,1983-1984,532165,196795
Rajshahi,1984-1985,520520,180072
Rajshahi,1985-1986,434905,154829
Rajshahi,1986-1987,384145,168770
Rajshahi,1987-1988,320,295115
Rajshahi,1988-1989,386550,161665
Rajshahi,1989-1990,359165,156050
Rajshahi,1990-1991,340160,137150
Rajshahi,1991-1992,305210,155500
Rajshahi,1992-1993,305210,155500
Rajshahi,1993-1994,285680,144330
Rajshahi,1994-1995,219490,107490
Rajshahi,1995-1996,89660,72560
Rajshahi,1996-1997,227220,129970
Rajshahi,1997-1998,229670,131960
Rajshahi,1998-1999,177290,97920
Rajshahi,1999-2000,174110,104380
Rajshahi,2000-2001,161010,99140
Rajshahi,2001-2002,144650,91240
Rajshahi,2002-2003,184020,118070
Rajshahi,2003-2004,185920,125120
Rajshahi,2004-2005,172210,127490
Rajshahi,2005-2006,214255,175489
Rajshahi,2006-2007,76925,67169
Rajshahi,2007-2008,105520,84331
Rajshahi,2008-2009,123455,115356
Rajshahi,2009-2010,76695,63960
Rajshahi,2010-2011,97528,85089
Rajshahi,2011-2012,107702,106330
Rajshahi,2012-2013,117019,102336
Rajshahi,2013-2014,117246,103380
Rajshahi,2014-2015,96094,111467
Rangamati,1979-1980,77445,27280
Rangamati,1980-1981,73035,33470
Rangamati,1981-1982,1425,75655
Rangamati,1982-1983,64535,25790
Rangamati,1983-1984,59070,29905
Rangamati,1984-1985,15500,9353
Rangamati,1985-1986,14280,9796
Rangamati,1986-1987,14250,9020
Rangamati,1987-1988,35,12320
Rangamati,1988-1989,12495,7350
Rangamati,1989-1990,12595,7845
Rangamati,1990-1991,13300,8160
Rangamati,1991-1992,14170,8340
Rangamati,1992-1993,14170,8340
Rangamati,1993-1994,14930,8840
Rangamati,1994-1995,14000,6230
Rangamati,1995-1996,3970,3580
Rangamati,1996-1997,11210,7290
Rangamati,1997-1998,10230,6050
Rangamati,1998-1999,10740,6650
Rangamati,1999-2000,11370,7320
Rangamati,2000-2001,11430,7360
Rangamati,2001-2002,11110,6680
Rangamati,2002-2003,12680,7190
Rangamati,2003-2004,11850,7860
Rangamati,2004-2005,14260,7810
Rangamati,2005-2006,13668,9894
Rangamati,2006-2007,12790,7989
Rangamati,2007-2008,15435,8723
Rangamati,2008-2009,16345,9965
Rangamati,2009-2010,15118,9203
Rangamati,2010-2011,14254,9280
Rangamati,2011-2012,15515,9890
Rangamati,2012-2013,16131,9899
Rangamati,2013-2014,14036,9968
Rangamati,2014-2015,17241,11414
Rangpur,1969-1970,906800,324985
Rangpur,1970-1971,1975,916840
Rangpur,1971-1972,916865,278480
Rangpur,1972-1973,827775,247375
Rangpur,1973-1974,882970,294095
Rangpur,1974-1975,989435,295575
Rangpur,1975-1976,1045000,327575
Rangpur,1976-1977,994935,334430
Rangpur,1977-1978,976000,329220
Rangpur,1978-1979,996550,349205
Rangpur,1979-1980,884060,272940
Rangpur,1980-1981,819000,291190
Rangpur,1981-1982,0,880780
Rangpur,1982-1983,932190,315835
Rangpur,1983-1984,820325,275110
Rangpur,1984-1985,841710,275837
Rangpur,1985-1986,791700,290305
Rangpur,1986-1987,615535,245305
Rangpur,1987-1988,495,576225
Rangpur,1988-1989,489665,216580
Rangpur,1989-1990,356415,156665
Rangpur,1990-1991,372690,154960
Rangpur,1991-1992,372740,152660
Rangpur,1992-1993,372740,152660
Rangpur,1993-1994,263500,113490
Rangpur,1994-1995,212060,77750
Rangpur,1995-1996,60480,32010
Rangpur,1996-1997,165250,65250
Rangpur,1997-1998,144570,62350
Rangpur,1998-1999,127930,55250
Rangpur,1999-2000,46500,21440
Rangpur,2000-2001,31700,13690
Rangpur,2001-2002,24790,9980
Rangpur,2002-2003,27330,17780
Rangpur,2003-2004,20450,12040
Rangpur,2004-2005,8560,4080
Rangpur,2005-2006,6975,3612
Rangpur,2006-2007,0,0
Rangpur,2007-2008,0,0
Rangpur,2008-2009,0,0
Rangpur,2009-2010,0,0
Rangpur,2010-2011,0,0
Rangpur,2011-2012,1250,1004
Rangpur,2012-2013,1200,1068
Rangpur,2013-2014,0,0
Rangpur,2014-2015,3275,3438
Satkhira,2006-2007,3720,3606
Satkhira,2007-2008,3175,2955
Satkhira,2008-2009,6080,4559
Satkhira,2009-2010,8467,7425
Satkhira,2010-2011,21273,20849
Satkhira,2011-2012,22237,23451
Satkhira,2012-2013,11817,6733
Satkhira,2013-2014,9763,5621
Satkhira,2014-2015,20051,20133
Shariatpur,2006-2007,39330,13829
Shariatpur,2007-2008,20590,7028
Shariatpur,2008-2009,28740,12336
Shariatpur,2009-2010,25330,7911
Shariatpur,2010-2011,23736,7668
Shariatpur,2011-2012,19812,6678
Shariatpur,2012-2013,20111,8581
Shariatpur,2013-2014,18518,10327
Shariatpur,2014-2015,22532,12043
Sherpur,2006-2007,21885,12482
Sherpur,2007-2008,22375,13744
Sherpur,2008-2009,23860,15763
Sherpur,2009-2010,8913,4719
Sherpur,2010-2011,17120,13172
Sherpur,2011-2012,18342,14273
Sherpur,2012-2013,13832,11733
Sherpur,2013-2014,15490,13630
Sherpur,2014-2015,13338,10937
Sirajgonj,2006-2007,1570,855
Sirajgonj,2007-2008,4525,2932
Sirajgonj,2008-2009,10905,6247
Sirajgonj,2009-2010,13039,7578
Sirajgonj,2010-2011,11611,7691
Sirajgonj,2011-2012,13971,10389
Sirajgonj,2012-2013,25161,18747
Sirajgonj,2013-2014,21109,17047
Sirajgonj,2014-2015,16600,15405
Sunamgonj,2006-2007,9250,5655
Sunamgonj,2007-2008,7695,3825
Sunamgonj,2008-2009,7925,4646
Sunamgonj,2009-2010,6719,4100
Sunamgonj,2010-2011,8181,4484
Sunamgonj,2011-2012,6221,3973
Sunamgonj,2012-2013,4942,3228
Sunamgonj,2013-2014,7623,7915
Sunamgonj,2014-2015,11180,11595
Sylhet,1969-1970,360260,164960
Sylhet,1970-1971,14285,355030
Sylhet,1971-1972,329135,132080
Sylhet,1972-1973,248635,82385
Sylhet,1973-1974,342630,144580
Sylhet,1974-1975,396310,200985
Sylhet,1975-1976,469030,251605
Sylhet,1976-1977,200000,61270
Sylhet,1977-1978,350000,174110
Sylhet,1978-1979,387890,182770
Sylhet,1979-1980,374035,156070
Sylhet,1980-1981,422195,206060
Sylhet,1981-1982,3975,502330
Sylhet,1982-1983,501775,199785
Sylhet,1983-1984,476845,175600
Sylhet,1984-1985,393100,157785
Sylhet,1985-1986,417490,163149
Sylhet,1986-1987,473830,230180
Sylhet,1987-1988,5270,353015
Sylhet,1988-1989,421555,226820
Sylhet,1989-1990,527020,263215
Sylhet,1990-1991,479180,268980
Sylhet,1991-1992,332370,182690
Sylhet,1992-1993,332370,182690
Sylhet,1993-1994,356370,184600
Sylhet,1994-1995,503190,286410
Sylhet,1995-1996,177920,140660
Sylhet,1996-1997,445670,262240
Sylhet,1997-1998,446380,273410
Sylhet,1998-1999,375070,192880
Sylhet,1999-2000,349950,212600
Sylhet,2000-2001,396940,245440
Sylhet,2001-2002,323550,215120
Sylhet,2002-2003,339500,219070
Sylhet,2003-2004,291360,213460
Sylhet,2004-2005,226650,121760
Sylhet,2005-2006,294787,230565
Sylhet,2006-2007,107250,81782
Sylhet,2007-2008,93905,65463
Sylhet,2008-2009,104500,74520
Sylhet,2009-2010,85561,70719
Sylhet,2010-2011,51682,40787
Sylhet,2011-2012,85426,78066
Sylhet,2012-2013,86351,77673
Sylhet,2013-2014,91034,100550
Sylhet,2014-2015,93589,98593
Tangail,1969-1970,0,0
Tangail,1970-1971,535,198640
Tangail,1971-1972,199870,67905
Tangail,1972-1973,282070,79785
Tangail,1973-1974,205305,64865
Tangail,1974-1975,302880,100895
Tangail,1975-1976,309360,93580
Tangail,1976-1977,301480,108230
Tangail,1977-1978,289310,114690
Tangail,1978-1979,290100,121060
Tangail,1979-1980,290300,118935
Tangail,1980-1981,363300,113505
Tangail,1981-1982,0,313615
Tangail,1982-1983,306635,109590
Tangail,1983-1984,241475,92330
Tangail,1984-1985,224575,71039
Tangail,1985-1986,219195,75990
Tangail,1986-1987,240320,79140
Tangail,1987-1988,0,193050
Tangail,1988-1989,202500,64040
Tangail,1989-1990,159440,49350
Tangail,1990-1991,154140,47250
Tangail,1991-1992,139560,37600
Tangail,1992-1993,139560,37600
Tangail,1993-1994,123170,38680
Tangail,1994-1995,126510,34490
Tangail,1995-1996,10310,4820
Tangail,1996-1997,115920,32180
Tangail,1997-1998,107080,29350
Tangail,1998-1999,83170,20430
Tangail,1999-2000,71400,26660
Tangail,2000-2001,62210,22500
Tangail,2001-2002,58830,19790
Tangail,2002-2003,56160,33760
Tangail,2003-2004,54990,32330
Tangail,2004-2005,22020,8530
Tangail,2005-2006,7013,3412
Tangail,2006-2007,7195,3120
Tangail,2007-2008,980,447
Tangail,2008-2009,2770,1163
Tangail,2009-2010,2610,907
Tangail,2010-2011,2434,865
Tangail,2011-2012,2160,1003
Tangail,2012-2013,1258,709
Tangail,2013-2014,2905,2130
Tangail,2014-2015,902,546
Thakurgaon,2006-2007,0,0
Thakurgaon,2007-2008,0,0
Thakurgaon,2008-2009,0,0
Thakurgaon,2009-2010,0,0
Thakurgaon,2010-2011,205,227
Thakurgaon,2011-2012,4606,3968
Thakurgaon,2012-2013,13975,10078
Thakurgaon,2013-2014,15380,14875
Thakurgaon,2014-2015,7558,6884
