DistrictName ,FinancialYear,TotalArea(Acres),Production(Tons)
Bagerhat,2006-2007,76710,89507
Bagerhat,2007-2008,87870,115500
Bagerhat,2008-2009,95134,140389
Bagerhat,2009-2010,112334,165431
Bagerhat,2010-2011,112587,150872
Bagerhat,2011-2012,115417,157143
Bagerhat,2012-2013,113653,172397
Bagerhat,2013-2014,117362,178202
Bagerhat,2014-2015,185172,293943
Bakergonj,1969-1970,56190,74380
Bakergonj,1970-1971,116110,145515
Bakergonj,1971-1972,84245,96155
Bakergonj,1973-1974,144425,146910
Bakergonj,1974-1975,112060,107680
Bakergonj,1975-1976,119600,115210
Bakergonj,1976-1977,66255,57985
Bakergonj,1977-1978,118075,109495
Bakergonj,1978-1979,88000,77995
Bandarban,1980-1981,0,0
Bandarban,1981-1982,0,0
Bandarban,1982-1983,0,0
Bandarban,1983-1984,3100,2795
Bandarban,1984-1985,3070,2635
Bandarban,1985-1986,3655,3425
Bandarban,1986-1987,14305,13570
Bandarban,1987-1988,5860,6341
Bandarban,1988-1989,5720,5990
Bandarban,1989-1990,5680,5610
Bandarban,1990-1991,5750,5410
Bandarban,1991-1992,6210,5890
Bandarban,1992-1993,6540,6930
Bandarban,1993-1994,6800,6050
Bandarban,1994-1995,6870,6330
Bandarban,1995-1996,8220,7810
Bandarban,1996-1997,8560,8040
Bandarban,1997-1998,9210,8880
Bandarban,1998-1999,9260,9270
Bandarban,1999-2000,6920,7210
Bandarban,2000-2001,6190,6480
Bandarban,2001-2002,6190,6720
Bandarban,2002-2003,4660,5370
Bandarban,2003-2004,0,5200
Bandarban,2004-2005,4699,5799
Bandarban,2005-2006,4650,5023
Bandarban,2006-2007,7370,8630
Bandarban,2007-2008,10150,13528
Bandarban,2008-2009,10226,12501
Bandarban,2009-2010,7811,10864
Bandarban,2010-2011,8142,9459
Bandarban,2011-2012,8182,10753
Bandarban,2012-2013,7974,9650
Bandarban,2013-2014,8761,10621
Bandarban,2014-2015,10978,14829
Barguna,2006-2007,605,377
Barguna,2007-2008,815,1007
Barguna,2008-2009,776,938
Barguna,2009-2010,1049,999
Barguna,2010-2011,1085,959
Barguna,2011-2012,1084,1037
Barguna,2012-2013,658,812
Barguna,2013-2014,1077,1277
Barguna,2014-2015,361086,499126
Barisal,1972-1973,109670,129695
Barisal,1979-1980,107090,99125
Barisal,1980-1981,104110,86730
Barisal,1981-1982,99075,96340
Barisal,1982-1983,114930,110720
Barisal,1983-1984,78875,73920
Barisal,1984-1985,98565,94490
Barisal,1985-1986,59030,49010
Barisal,1986-1987,49125,45260
Barisal,1987-1988,49561,45117
Barisal,1988-1989,72310,67665
Barisal,1989-1990,149460,151290
Barisal,1990-1991,156200,146130
Barisal,1991-1992,148560,146420
Barisal,1992-1993,118930,124130
Barisal,1993-1994,99780,100350
Barisal,1994-1995,76400,65860
Barisal,1995-1996,82120,77410
Barisal,1996-1997,89200,88110
Barisal,1997-1998,97140,95830
Barisal,1998-1999,157880,194350
Barisal,1999-2000,159660,206120
Barisal,2000-2001,175530,226300
Barisal,2001-2002,187570,215460
Barisal,2002-2003,188410,218990
Barisal,2003-2004,187810,224590
Barisal,2004-2005,220955,281120
Barisal,2005-2006,237600,312835
Barisal,2006-2007,133230,175096
Barisal,2007-2008,153150,229620
Barisal,2008-2009,154387,232363
Barisal,2009-2010,157386,220620
Barisal,2010-2011,149550,227852
Barisal,2011-2012,152309,243112
Barisal,2012-2013,150147,241504
Barisal,2013-2014,150047,226890
Barisal,2014-2015,23398,36356
Bhola,2006-2007,102715,126807
Bhola,2007-2008,121205,170357
Bhola,2008-2009,134495,191237
Bhola,2009-2010,135122,180951
Bhola,2010-2011,138907,195826
Bhola,2011-2012,139325,194221
Bhola,2012-2013,136307,202303
Bhola,2013-2014,131006,171108
Bhola,2014-2015,5327,4842
Bogra,1969-1970,30320,22680
Bogra,1970-1971,36600,33825
Bogra,1971-1972,30065,20595
Bogra,1972-1973,38855,34375
Bogra,1973-1974,46645,39520
Bogra,1974-1975,59695,38920
Bogra,1975-1976,54035,38750
Bogra,1976-1977,24065,19685
Bogra,1977-1978,54570,55210
Bogra,1978-1979,55670,61360
Bogra,1979-1980,57445,64020
Bogra,1980-1981,58995,69935
Bogra,1981-1982,91830,108390
Bogra,1982-1983,110890,127590
Bogra,1983-1984,170155,189940
Bogra,1984-1985,188960,225100
Bogra,1985-1986,219390,270507
Bogra,1986-1987,232650,249705
Bogra,1987-1988,348308,376010
Bogra,1988-1989,387410,428770
Bogra,1989-1990,420520,938880
Bogra,1990-1991,450460,473860
Bogra,1991-1992,458600,489890
Bogra,1992-1993,450140,503940
Bogra,1993-1994,447690,517120
Bogra,1994-1995,473210,542040
Bogra,1995-1996,473780,554670
Bogra,1996-1997,478300,572570
Bogra,1997-1998,491320,591810
Bogra,1998-1999,571510,705100
Bogra,1999-2000,583460,708770
Bogra,2000-2001,588200,719120
Bogra,2001-2002,603890,772260
Bogra,2002-2003,651960,854410
Bogra,2003-2004,678480,908890
Bogra,2004-2005,661263,901785
Bogra,2005-2006,650095,881387
Bogra,2006-2007,464335,677991
Bogra,2007-2008,469185,759711
Bogra,2008-2009,466761,782885
Bogra,2009-2010,463370,747627
Bogra,2010-2011,461051,696400
Bogra,2011-2012,458069,692543
Bogra,2012-2013,454736,730444
Bogra,2013-2014,461593,756043
Bogra,2014-2015,469850,688437
Brahmanbaria,2006-2007,242330,321416
Brahmanbaria,2007-2008,259980,411111
Brahmanbaria,2008-2009,267327,417369
Brahmanbaria,2009-2010,269765,402121
Brahmanbaria,2010-2011,270043,439584
Brahmanbaria,2011-2012,272317,434775
Brahmanbaria,2012-2013,264131,383782
Brahmanbaria,2013-2014,265204,404163
Brahmanbaria,2014-2015,268431,417043
Chandpur,2006-2007,160920,205306
Chandpur,2007-2008,168430,252391
Chandpur,2008-2009,164888,229990
Chandpur,2009-2010,162475,270438
Chandpur,2010-2011,164887,258904
Chandpur,2011-2012,162771,254239
Chandpur,2012-2013,161352,233621
Chandpur,2013-2014,158722,210305
Chandpur,2014-2015,159197,221831
Chittagong,1969-1970,143481,162770
Chittagong,1970-1971,167445,201390
Chittagong,1971-1972,157270,179330
Chittagong,1972-1973,151495,183085
Chittagong,1973-1974,184040,194345
Chittagong,1974-1975,204655,201380
Chittagong,1975-1976,195320,187955
Chittagong,1976-1977,220335,185430
Chittagong,1977-1978,219450,208665
Chittagong,1978-1979,223760,216485
Chittagong,1979-1980,240500,268215
Chittagong,1980-1981,244555,266795
Chittagong,1981-1982,232815,278965
Chittagong,1982-1983,280130,294330
Chittagong,1983-1984,275430,303560
Chittagong,1984-1985,320695,292210
Chittagong,1985-1986,304860,292510
Chittagong,1986-1987,291045,284355
Chittagong,1987-1988,262853,264849
Chittagong,1988-1989,274660,266950
Chittagong,1989-1990,286370,290260
Chittagong,1990-1991,298570,196620
Chittagong,1991-1992,305820,293840
Chittagong,1992-1993,307400,282470
Chittagong,1993-1994,278530,271820
Chittagong,1994-1995,276670,269000
Chittagong,1995-1996,277930,300320
Chittagong,1996-1997,264100,251090
Chittagong,1997-1998,295450,289490
Chittagong,1998-1999,352130,376170
Chittagong,1999-2000,328010,362880
Chittagong,2000-2001,327860,360410
Chittagong,2001-2002,272930,307470
Chittagong,2002-2003,276510,336580
Chittagong,2003-2004,280980,322320
Chittagong,2004-2005,273854,313277
Chittagong,2005-2006,288450,333753
Chittagong,2006-2007,173745,188662
Chittagong,2007-2008,189150,260882
Chittagong,2008-2009,158431,209701
Chittagong,2009-2010,169489,233924
Chittagong,2010-2011,171963,233916
Chittagong,2011-2012,166150,227322
Chittagong,2012-2013,165897,251413
Chittagong,2013-2014,156762,213771
Chittagong,2014-2015,163493,230000
Chittagong H.T.,1969-1970,31520,30090
Chittagong H.T.,1970-1971,29190,25340
Chittagong H.T.,1971-1972,21365,17020
Chittagong H.T.,1972-1973,19600,15235
Chittagong H.T.,1973-1974,19590,16605
Chittagong H.T.,1974-1975,25670,21865
Chittagong H.T.,1975-1976,20650,14995
Chittagong H.T.,1976-1977,28050,24145
Chittagong H.T.,1977-1978,25220,20100
Chittagong H.T.,1978-1979,20745,15845
Chittagong H.T.,1979-1980,21080,22730
Chuadanga,2006-2007,77735,116240
Chuadanga,2007-2008,88510,141753
Chuadanga,2008-2009,104716,167878
Chuadanga,2009-2010,105278,174804
Chuadanga,2010-2011,102732,157103
Chuadanga,2011-2012,99496,154396
Chuadanga,2012-2013,96867,149012
Chuadanga,2013-2014,101707,150362
Chuadanga,2014-2015,96880,147069
Comilla,1969-1970,168750,162470
Comilla,1970-1971,187455,184035
Comilla,1971-1972,167470,137410
Comilla,1972-1973,174750,150820
Comilla,1973-1974,241720,227295
Comilla,1974-1975,248565,220010
Comilla,1975-1976,239990,218920
Comilla,1976-1977,208290,177030
Comilla,1977-1978,208600,187195
Comilla,1978-1979,241330,198465
Comilla,1979-1980,240530,244525
Comilla,1980-1981,250375,241460
Comilla,1981-1982,265520,303775
Comilla,1982-1983,298795,330880
Comilla,1983-1984,280435,283000
Comilla,1984-1985,283695,317739
Comilla,1985-1986,288665,302109
Comilla,1986-1987,283025,304015
Comilla,1987-1988,395225,436746
Comilla,1988-1989,523485,577150
Comilla,1989-1990,520140,592700
Comilla,1990-1991,499010,555360
Comilla,1991-1992,543480,615970
Comilla,1992-1993,561330,610430
Comilla,1993-1994,551140,630450
Comilla,1994-1995,566320,570770
Comilla,1995-1996,578250,613730
Comilla,1996-1997,584280,636150
Comilla,1997-1998,553210,638610
Comilla,1998-1999,634390,802910
Comilla,1999-2000,658750,849410
Comilla,2000-2001,675310,876830
Comilla,2001-2002,743890,965880
Comilla,2002-2003,819520,1031060
Comilla,2003-2004,828660,1087310
Comilla,2004-2005,832248,1157012
Comilla,2005-2006,802980,1147205
Comilla,2006-2007,393100,557585
Comilla,2007-2008,396225,610166
Comilla,2008-2009,397944,598873
Comilla,2009-2010,407809,640814
Comilla,2010-2011,401849,632742
Comilla,2011-2012,401980,623052
Comilla,2012-2013,395077,635359
Comilla,2013-2014,397271,615555
Comilla,2014-2015,391810,576496
Cox's Bazar,2006-2007,98315,120848
Cox's Bazar,2007-2008,128250,176572
Cox's Bazar,2008-2009,124899,157830
Cox's Bazar,2009-2010,125575,160382
Cox's Bazar,2010-2011,125430,165411
Cox's Bazar,2011-2012,123621,168045
Cox's Bazar,2012-2013,122233,169475
Cox's Bazar,2013-2014,123297,177172
Cox's Bazar,2014-2015,122336,168002
Dhaka,1969-1970,178455,161180
Dhaka,1970-1971,179600,167805
Dhaka,1971-1972,186300,177115
Dhaka,1972-1973,206735,211130
Dhaka,1973-1974,205780,215770
Dhaka,1974-1975,240985,191975
Dhaka,1975-1976,231935,216165
Dhaka,1976-1977,233740,203730
Dhaka,1977-1978,238700,214495
Dhaka,1978-1979,254850,226625
Dhaka,1979-1980,255180,259455
Dhaka,1980-1981,260075,293350
Dhaka,1981-1982,283635,315785
Dhaka,1982-1983,319215,354745
Dhaka,1983-1984,269945,296485
Dhaka,1984-1985,273800,298560
Dhaka,1985-1986,241085,263778
Dhaka,1986-1987,261495,309850
Dhaka,1987-1988,345988,330768
Dhaka,1988-1989,440640,430850
Dhaka,1989-1990,482740,512220
Dhaka,1990-1991,499730,580800
Dhaka,1991-1992,485920,566960
Dhaka,1992-1993,502710,552590
Dhaka,1993-1994,487660,544810
Dhaka,1994-1995,464590,481820
Dhaka,1995-1996,477460,535750
Dhaka,1996-1997,483470,552780
Dhaka,1997-1998,497840,608920
Dhaka,1998-1999,504440,678180
Dhaka,1999-2000,573180,736570
Dhaka,2000-2001,583020,809320
Dhaka,2001-2002,585640,849220
Dhaka,2002-2003,604270,863620
Dhaka,2003-2004,597900,866170
Dhaka,2004-2005,608500,938662
Dhaka,2005-2006,597595,862236
Dhaka,2006-2007,119520,183144
Dhaka,2007-2008,130385,233939
Dhaka,2008-2009,126004,217990
Dhaka,2009-2010,124904,203305
Dhaka,2010-2011,126255,226879
Dhaka,2011-2012,120156,204100
Dhaka,2012-2013,117168,190647
Dhaka,2013-2014,116425,200561
Dhaka,2014-2015,115814,205638
Dinajpur,1969-1970,6995,6800
Dinajpur,1970-1971,13350,9220
Dinajpur,1971-1972,3685,3295
Dinajpur,1972-1973,11500,13975
Dinajpur,1973-1974,13195,14065
Dinajpur,1974-1975,21965,20535
Dinajpur,1975-1976,11870,10235
Dinajpur,1976-1977,12485,11215
Dinajpur,1977-1978,14680,13960
Dinajpur,1978-1979,12845,10820
Dinajpur,1979-1980,17420,18455
Dinajpur,1980-1981,18155,20675
Dinajpur,1981-1982,23405,25545
Dinajpur,1982-1983,28185,31225
Dinajpur,1983-1984,30850,34625
Dinajpur,1984-1985,34930,38405
Dinajpur,1985-1986,57325,52585
Dinajpur,1986-1987,74195,71300
Dinajpur,1987-1988,86615,87211
Dinajpur,1988-1989,151090,142895
Dinajpur,1989-1990,155710,166120
Dinajpur,1990-1991,152550,169890
Dinajpur,1991-1992,180480,204730
Dinajpur,1992-1993,149300,172400
Dinajpur,1993-1994,223960,267210
Dinajpur,1994-1995,268070,272140
Dinajpur,1995-1996,282310,293840
Dinajpur,1996-1997,271920,290350
Dinajpur,1997-1998,281960,313190
Dinajpur,1998-1999,463010,510360
Dinajpur,1999-2000,493730,547180
Dinajpur,2000-2001,492910,613610
Dinajpur,2001-2002,497490,581610
Dinajpur,2002-2003,487880,581670
Dinajpur,2003-2004,504990,640880
Dinajpur,2004-2005,557836,764233
Dinajpur,2005-2006,548980,782231
Dinajpur,2006-2007,397155,603367
Dinajpur,2006-2007,397155,603367
Dinajpur,2007-2008,417325,670664
Dinajpur,2008-2009,435497,671440
Dinajpur,2009-2010,435378,665415
Dinajpur,2010-2011,435223,667421
Dinajpur,2011-2012,430005,660743
Dinajpur,2012-2013,425555,696518
Dinajpur,2013-2014,431169,717878
Dinajpur,2014-2015,442342,735364
Faridpur,1969-1970,31695,31510
Faridpur,1970-1971,46300,49885
Faridpur,1971-1972,43760,42400
Faridpur,1972-1973,57335,67260
Faridpur,1973-1974,60540,70700
Faridpur,1974-1975,73305,67705
Faridpur,1975-1976,66545,60715
Faridpur,1976-1977,42625,38730
Faridpur,1977-1978,51345,51135
Faridpur,1978-1979,55530,56875
Faridpur,1979-1980,58250,60820
Faridpur,1980-1981,68540,55525
Faridpur,1981-1982,94310,104420
Faridpur,1982-1983,107115,130740
Faridpur,1983-1984,97285,89405
Faridpur,1984-1985,142295,171830
Faridpur,1985-1986,123475,142782
Faridpur,1986-1987,146465,160025
Faridpur,1987-1988,182018,215736
Faridpur,1988-1989,342290,360765
Faridpur,1989-1990,296890,351390
Faridpur,1990-1991,297360,348940
Faridpur,1991-1992,282460,300520
Faridpur,1992-1993,232260,263530
Faridpur,1993-1994,202500,218340
Faridpur,1994-1995,199710,200400
Faridpur,1995-1996,203760,219870
Faridpur,1996-1997,200610,242950
Faridpur,1997-1998,209530,251600
Faridpur,1998-1999,248380,342800
Faridpur,1999-2000,323200,456050
Faridpur,2000-2001,360090,533260
Faridpur,2001-2002,344120,511820
Faridpur,2002-2003,363350,551160
Faridpur,2003-2004,473970,737990
Faridpur,2004-2005,459354,719617
Faridpur,2005-2006,469215,745974
Faridpur,2006-2007,74980,114975
Faridpur,2007-2008,89370,142230
Faridpur,2008-2009,94108,156931
Faridpur,2009-2010,95283,149965
Faridpur,2010-2011,93556,156985
Faridpur,2011-2012,90667,172527
Faridpur,2012-2013,79710,145573
Faridpur,2013-2014,79968,139741
Faridpur,2014-2015,72886,120612
Feni,2006-2007,70650,94490
Feni,2007-2008,85410,129323
Feni,2008-2009,78201,117168
Feni,2009-2010,78097,102311
Feni,2010-2011,77123,109236
Feni,2011-2012,85113,119962
Feni,2012-2013,82007,121705
Feni,2013-2014,81950,121469
Feni,2014-2015,77898,111634
Gaibandha,2006-2007,252585,393009
Gaibandha,2007-2008,260430,437799
Gaibandha,2008-2009,276160,443945
Gaibandha,2009-2010,284275,466204
Gaibandha,2010-2011,284219,441922
Gaibandha,2011-2012,292282,440969
Gaibandha,2012-2013,290998,479830
Gaibandha,2013-2014,295808,484925
Gaibandha,2014-2015,307024,480520
Gazipur,2006-2007,137120,182560
Gazipur,2007-2008,144880,208434
Gazipur,2008-2009,146044,217819
Gazipur,2009-2010,144801,247999
Gazipur,2010-2011,142772,220675
Gazipur,2011-2012,147028,250778
Gazipur,2012-2013,147644,237235
Gazipur,2013-2014,149429,228161
Gazipur,2014-2015,149509,231718
Gopalgonj,2006-2007,172280,286069
Gopalgonj,2007-2008,183925,325191
Gopalgonj,2008-2009,184092,331198
Gopalgonj,2009-2010,192535,330598
Gopalgonj,2010-2011,188352,352866
Gopalgonj,2011-2012,192005,372428
Gopalgonj,2012-2013,189748,357827
Gopalgonj,2013-2014,190461,353127
Gopalgonj,2014-2015,199907,369965
Hobigonj,2006-2007,225915,242283
Hobigonj,2007-2008,252850,385975
Hobigonj,2008-2009,251463,363905
Hobigonj,2009-2010,317233,483918
Hobigonj,2010-2011,248031,335824
Hobigonj,2011-2012,253281,353705
Hobigonj,2012-2013,252774,346432
Hobigonj,2013-2014,253443,335085
Hobigonj,2014-2015,278283,405436
Jamalpur,1972-1973,0,0
Jamalpur,1976-1977,0,0
Jamalpur ,1977-1978,0,0
Jamalpur,1978-1979,67695,44890
Jamalpur,1979-1980,75665,50020
Jamalpur,1980-1981,77665,61785
Jamalpur,1981-1982,109275,113315
Jamalpur,1982-1983,119425,129410
Jamalpur,1983-1984,124560,115990
Jamalpur,1984-1985,172615,172420
Jamalpur,1985-1986,141445,140640
Jamalpur,1986-1987,164075,169525
Jamalpur,1987-1988,219325,222365
Jamalpur,1988-1989,252770,236180
Jamalpur,1989-1990,254020,246160
Jamalpur,1990-1991,245760,261960
Jamalpur,1991-1992,248500,276900
Jamalpur,1992-1993,257700,281170
Jamalpur,1993-1994,241120,238720
Jamalpur,1994-1995,263790,273810
Jamalpur,1995-1996,270580,289150
Jamalpur,1996-1997,278940,303470
Jamalpur,1997-1998,292520,335780
Jamalpur,1998-1999,366060,453480
Jamalpur,1999-2000,349460,419870
Jamalpur,2000-2001,356940,444880
Jamalpur,2001-2002,369400,447960
Jamalpur,2002-2003,376550,449090
Jamalpur,2003-2004,379810,503020
Jamalpur,2004-2005,381963,519782
Jamalpur,2005-2006,391615,543871
Jamalpur,2006-2007,266035,407950
Jamalpur,2007-2008,277680,449677
Jamalpur,2008-2009,273063,435651
Jamalpur,2009-2010,324229,518931
Jamalpur,2010-2011,315824,516448
Jamalpur,2011-2012,315809,514704
Jamalpur,2012-2013,310802,529120
Jamalpur,2013-2014,318134,506840
Jamalpur,2014-2015,439222,702751
Jessore,1969-1970,19840,23850
Jessore,1970-1971,23670,29375
Jessore,1971-1972,14830,15605
Jessore,1972-1973,19235,21285
Jessore,1973-1974,26270,25900
Jessore,1974-1975,34160,35800
Jessore,1975-1976,22170,21155
Jessore,1976-1977,18640,18955
Jessore,1977-1978,23550,26600
Jessore,1978-1979,17190,18060
Jessore,1979-1980,20815,17465
Jessore,1980-1981,31005,25955
Jessore,1981-1982,59510,62275
Jessore,1982-1983,70235,78195
Jessore,1983-1984,75745,76870
Jessore,1984-1985,122080,151245
Jessore,1985-1986,65910,80995
Jessore,1986-1987,95690,115300
Jessore,1987-1988,158700,210309
Jessore,1988-1989,325800,401340
Jessore,1989-1990,281470,316740
Jessore,1990-1991,276460,356130
Jessore,1991-1992,287380,367420
Jessore,1992-1993,319190,365870
Jessore,1993-1994,276850,325500
Jessore,1994-1995,325530,364600
Jessore,1995-1996,362610,424040
Jessore,1996-1997,370730,447600
Jessore,1997-1998,445950,593260
Jessore,1998-1999,547570,732810
Jessore,1999-2000,616730,811770
Jessore,2000-2001,633640,897400
Jessore,2001-2002,607260,866360
Jessore,2002-2003,601870,866800
Jessore,2003-2004,667170,968640
Jessore,2004-2005,667629,1008922
Jessore,2005-2006,676805,1008640
Jessore,2006-2007,339140,591955
Jessore,2007-2008,374070,584947
Jessore,2008-2009,375624,600007
Jessore,2009-2010,386873,627644
Jessore,2010-2011,384554,647016
Jessore,2011-2012,385042,649269
Jessore,2012-2013,381693,644883
Jessore,2013-2014,392454,654035
Jessore,2014-2015,214866,368316
Jhalakathi,2006-2007,19565,25718
Jhalakathi,2007-2008,21335,29727
Jhalakathi,2008-2009,22214,31514
Jhalakathi,2009-2010,20645,31716
Jhalakathi,2010-2011,22242,28587
Jhalakathi,2011-2012,22555,28390
Jhalakathi,2012-2013,22414,30140
Jhalakathi,2013-2014,27694,44775
Jhalakathi,2014-2015,52295,79712
Jhenaidah,2006-2007,183745,293827
Jhenaidah,2007-2008,213905,264271
Jhenaidah,2008-2009,225505,308909
Jhenaidah,2009-2010,225229,356080
Jhenaidah,2010-2011,221346,348935
Jhenaidah,2011-2012,230025,378627
Jhenaidah,2012-2013,217579,364831
Jhenaidah,2013-2014,216308,364891
Jhenaidah,2014-2015,94172,148980
Joypurhat,2006-2007,167375,273585
Joypurhat,2007-2008,169670,294952
Joypurhat,2008-2009,171860,278439
Joypurhat,2009-2010,175081,290514
Joypurhat,2010-2011,172478,294826
Joypurhat,2011-2012,172028,300424
Joypurhat,2012-2013,174505,310277
Joypurhat,2013-2014,170458,313101
Joypurhat,2014-2015,170996,283056
Khagrachari,1980-1981,0,0
Khagrachari,1981-1982,0,0
Khagrachari,1982-1983,0,0
Khagrachari,1983-1984,9540,7695
Khagrachari,1984-1985,8555,7781
Khagrachari,1985-1986,9320,9641
Khagrachari,1986-1987,7640,8290
Khagrachari,1987-1988,7145,6754
Khagrachari,1988-1989,3520,2650
Khagrachari,1989-1990,3580,2860
Khagrachari,1990-1991,3970,3020
Khagrachari,1991-1992,4040,3560
Khagrachari,1992-1993,4120,3640
Khagrachari,1993-1994,4050,3620
Khagrachari,1994-1995,3830,2580
Khagrachari,1995-1996,3680,3230
Khagrachari,1996-1997,3660,3430
Khagrachari,1997-1998,3990,3800
Khagrachari,1998-1999,3790,4030
Khagrachari,1999-2000,10110,10200
Khagrachari,2000-2001,11170,10380
Khagrachari,2001-2002,10940,11280
Khagrachari,2002-2003,11010,11430
Khagrachari,2003-2004,12000,13580
Khagrachari,2004-2005,13070,15744
Khagrachari,2005-2006,13130,15762
Khagrachari,2006-2007,20915,27770
Khagrachari,2007-2008,23155,32335
Khagrachari,2008-2009,24090,28557
Khagrachari,2009-2010,27888,33551
Khagrachari,2010-2011,25722,36266
Khagrachari,2011-2012,26134,35650
Khagrachari,2012-2013,25383,33326
Khagrachari,2013-2014,25280,34202
Khagrachari,2014-2015,25537,35101
Khulna,1969-1970,41865,33630
Khulna,1970-1971,53695,44930
Khulna,1971-1972,47675,30825
Khulna,1972-1973,51765,38320
Khulna,1973-1974,47955,31610
Khulna,1974-1975,53970,35120
Khulna,1975-1976,44700,28660
Khulna,1976-1977,31175,18595
Khulna,1977-1978,44885,32285
Khulna,1978-1979,44510,30720
Khulna,1979-1980,53360,38685
Khulna,1980-1981,53885,39145
Khulna,1981-1982,53545,40500
Khulna,1982-1983,54925,44175
Khulna,1983-1984,50100,41730
Khulna,1984-1985,87730,79990
Khulna,1985-1986,84325,74916
Khulna,1986-1987,65510,59610
Khulna,1987-1988,79590,78398
Khulna,1988-1989,105940,90555
Khulna,1989-1990,104980,90870
Khulna,1990-1991,113390,100290
Khulna,1991-1992,137350,117150
Khulna,1992-1993,156330,159870
Khulna,1993-1994,124470,113370
Khulna,1994-1995,119980,114660
Khulna,1995-1996,121880,120510
Khulna,1996-1997,130690,134680
Khulna,1997-1998,132150,138150
Khulna,1998-1999,193360,214930
Khulna,1999-2000,205900,234800
Khulna,2000-2001,209550,246830
Khulna,2001-2002,200670,218190
Khulna,2002-2003,204420,240450
Khulna,2003-2004,294350,355860
Khulna,2004-2005,270302,334953
Khulna,2005-2006,284240,374823
Khulna,2006-2007,85440,113713
Khulna,2007-2008,95835,149530
Khulna,2008-2009,98333,139626
Khulna,2009-2010,106157,158228
Khulna,2010-2011,107614,162899
Khulna,2011-2012,118943,171587
Khulna,2012-2013,115081,172068
Khulna,2013-2014,121589,198721
Khulna,2014-2015,121130,190876
Khustia,2006-2007,71200,102880
Khustia,2007-2008,81000,129268
Khustia,2008-2009,85519,138365
Khustia,2009-2010,76753,124432
Khustia,2010-2011,80184,133659
Khustia,2011-2012,84182,140213
Khustia,2012-2013,88576,154365
Khustia,2013-2014,87037,142749
Khustia,2014-2015,10978,14829
Kishoregonj,1969-1970,427595,359105
Kishoregonj,1970-1971,445000,338145
Kishoregonj,1971-1972,420240,287135
Kishoregonj,1972-1973,452010,315185
Kishoregonj,1973-1974,444915,318280
Kishoregonj,1974-1975,445000,323790
Kishoregonj,1975-1976,450000,344440
Kishoregonj,1976-1977,357910,289270
Kishoregonj,1977-1978,408140,311245
Kishoregonj,1978-1979,413000,252095
Kishoregonj,1979-1980,444100,330900
Kishoregonj,1980-1981,451445,373095
Kishoregonj,1981-1982,454155,447775
Kishoregonj,1982-1983,460990,424780
Kishoregonj,1983-1984,447170,390155
Kishoregonj,1984-1985,481775,484590
Kishoregonj,1985-1986,426045,379457
Kishoregonj,1986-1987,434585,427930
Kishoregonj,1987-1988,549964,537147
Kishoregonj,1988-1989,591875,597835
Kishoregonj,1989-1990,601780,573450
Kishoregonj,1990-1991,605580,541780
Kishoregonj,1991-1992,627310,603990
Kishoregonj,1992-1993,631510,617830
Kishoregonj,1993-1994,662560,735400
Kishoregonj,1994-1995,672500,634460
Kishoregonj,1995-1996,695230,723800
Kishoregonj,1996-1997,681350,727130
Kishoregonj,1997-1998,698400,806730
Kishoregonj,1998-1999,736950,835030
Kishoregonj,1999-2000,791260,960670
Kishoregonj,2000-2001,675740,885010
Kishoregonj,2001-2002,682230,843070
Kishoregonj,2002-2003,693540,857550
Kishoregonj,2003-2004,602050,749790
Kishoregonj,2004-2005,649351,902634
Kishoregonj,2005-2006,712655,1029226
Kishoregonj,2006-2007,366940,493375
Kishoregonj,2007-2008,399720,679546
Kishoregonj,2008-2009,422098,679655
Kishoregonj,2009-2010,388959,621424
Kishoregonj,2010-2011,430006,731186
Kishoregonj,2011-2012,422093,704645
Kishoregonj,2012-2013,417272,706897
Kishoregonj,2013-2014,411155,673689
Kishoregonj,2014-2015,322547,503034
Kurigram,2006-2007,209180,332317
Kurigram,2007-2008,216485,345137
Kurigram,2008-2009,221395,353901
Kurigram,2009-2010,231721,378907
Kurigram,2010-2011,231337,379119
Kurigram,2011-2012,235599,371557
Kurigram,2012-2013,230262,393727
Kurigram,2013-2014,239508,410475
Kurigram,2014-2015,249683,416497
Kushtia,1969-1970,2850,2890
Kushtia,1970-1971,4980,4710
Kushtia,1971-1972,3590,2610
Kushtia,1972-1973,5050,4655
Kushtia,1973-1974,5930,4820
Kushtia,1974-1975,7800,5815
Kushtia,1975-1976,5520,3930
Kushtia,1976-1977,5265,4355
Kushtia,1977-1978,3565,2755
Kushtia,1978-1979,3405,2480
Kushtia,1979-1980,9180,4965
Kushtia,1980-1981,5200,4020
Kushtia,1981-1982,8840,7205
Kushtia,1982-1983,10060,8885
Kushtia,1983-1984,8555,6760
Kushtia,1984-1985,9575,10250
Kushtia,1985-1986,16545,19378
Kushtia,1986-1987,16305,21130
Kushtia,1987-1988,23747,26908
Kushtia,1988-1989,41260,45605
Kushtia,1989-1990,48480,53070
Kushtia,1990-1991,56810,61020
Kushtia,1991-1992,64490,67460
Kushtia,1992-1993,66680,66120
Kushtia,1993-1994,51420,52220
Kushtia,1994-1995,77000,81130
Kushtia,1995-1996,85870,90690
Kushtia,1996-1997,89710,94650
Kushtia,1997-1998,111470,129900
Kushtia,1998-1999,124240,165940
Kushtia,1999-2000,174110,242990
Kushtia,2000-2001,186780,257260
Kushtia,2001-2002,187190,254060
Kushtia,2002-2003,186620,256630
Kushtia,2003-2004,193550,286780
Kushtia,2004-2005,202920,301038
Kushtia,2005-2006,182550,269374
Lakshmipur,2006-2007,63610,86665
Lakshmipur,2007-2008,64445,100273
Lakshmipur,2008-2009,64128,97952
Lakshmipur,2009-2010,72707,103381
Lakshmipur,2010-2011,71336,104752
Lakshmipur,2011-2012,71332,105522
Lakshmipur,2012-2013,74241,121887
Lakshmipur,2013-2014,68304,114550
Lakshmipur,2014-2015,65474,100316
Lalmonirhat,2006-2007,114365,176102
Lalmonirhat,2007-2008,125570,210511
Lalmonirhat,2008-2009,138120,222266
Lalmonirhat,2009-2010,128318,212876
Lalmonirhat,2010-2011,128956,222972
Lalmonirhat,2011-2012,131879,217227
Lalmonirhat,2012-2013,131905,218392
Lalmonirhat,2013-2014,131646,217658
Lalmonirhat,2014-2015,125607,204704
Madaripur,2006-2007,98475,148538
Madaripur,2007-2008,95110,151244
Madaripur,2008-2009,97753,158186
Madaripur,2009-2010,111105,175041
Madaripur,2010-2011,109342,182732
Madaripur,2011-2012,104600,181402
Madaripur,2012-2013,100243,168079
Madaripur,2013-2014,99970,164460
Madaripur,2014-2015,96993,166069
Magura,2006-2007,76215,116812
Magura,2007-2008,89250,124394
Magura,2008-2009,101738,161483
Magura,2009-2010,96016,140582
Magura,2010-2011,96687,157416
Magura,2011-2012,101500,158388
Magura,2012-2013,91789,138430
Magura,2013-2014,96647,154191
Magura,2014-2015,92021,148926
Manikgonj,2006-2007,124770,178427
Manikgonj,2007-2008,129525,218504
Manikgonj,2008-2009,135248,212350
Manikgonj,2009-2010,139618,242134
Manikgonj,2010-2011,140046,224307
Manikgonj,2011-2012,146672,255207
Manikgonj,2012-2013,148279,255036
Manikgonj,2013-2014,146376,256514
Manikgonj,2014-2015,144337,265448
Maulavibazar,2006-2007,88880,83984
Maulavibazar,2007-2008,98225,115819
Maulavibazar,2008-2009,104705,126273
Maulavibazar,2009-2010,98999,130035
Maulavibazar,2010-2011,105247,131539
Maulavibazar,2011-2012,105827,128647
Maulavibazar,2012-2013,115537,135954
Maulavibazar,2013-2014,118060,146683
Maulavibazar,2014-2015,124905,165083
Maulavibazar,2006-2007,88880,83984
Maulavibazar,2007-2008,98225,115819
Maulavibazar,2008-2009,104705,126273
Maulavibazar,2009-2010,98999,130035
Maulavibazar,2010-2011,105247,131539
Maulavibazar,2011-2012,105827,128647
Maulavibazar,2012-2013,115537,135954
Maulavibazar,2013-2014,118060,146683
Maulavibazar,2014-2015,124905,165083
Meherpur,2006-2007,52040,80731
Meherpur,2007-2008,61095,100164
Meherpur,2008-2009,65806,107397
Meherpur,2009-2010,63552,110056
Meherpur,2010-2011,63174,93932
Meherpur,2011-2012,61956,95044
Meherpur,2012-2013,55292,96182
Meherpur,2013-2014,53849,86868
Meherpur,2014-2015,53706,92927
Munshigonj,2006-2007,56360,82274
Munshigonj,2007-2008,61855,98741
Munshigonj,2008-2009,57086,86756
Munshigonj,2009-2010,64161,109687
Munshigonj,2010-2011,59456,90154
Munshigonj,2011-2012,60364,96933
Munshigonj,2012-2013,60783,96940
Munshigonj,2013-2014,61263,100077
Munshigonj,2014-2015,61265,104440
Mymensingh,1969-1970,129880,111680
Mymensingh,1970-1971,139000,125850
Mymensingh,1971-1972,135030,103440
Mymensingh,1972-1973,149745,115940
Mymensingh,1973-1974,162530,125070
Mymensingh,1974-1975,162505,106425
Mymensingh,1975-1976,177240,113680
Mymensingh,1976-1977,154410,86165
Mymensingh,1977-1978,174235,126445
Mymensingh,1978-1979,106840,70165
Mymensingh,1979-1980,89055,70050
Mymensingh,1980-1981,113070,70725
Mymensingh,1981-1982,140590,112645
Mymensingh,1982-1983,156405,130440
Mymensingh,1983-1984,154770,130190
Mymensingh,1984-1985,175745,162845
Mymensingh,1985-1986,148895,123592
Mymensingh,1986-1987,193565,175080
Mymensingh,1987-1988,265522,193960
Mymensingh,1988-1989,233660,218290
Mymensingh,1989-1990,256040,241880
Mymensingh,1990-1991,262890,272760
Mymensingh,1991-1992,276200,294280
Mymensingh,1992-1993,285290,291300
Mymensingh,1993-1994,274730,285140
Mymensingh,1994-1995,280890,256870
Mymensingh,1995-1996,291940,289530
Mymensingh,1996-1997,305960,332490
Mymensingh,1997-1998,322650,381810
Mymensingh,1998-1999,406950,492110
Mymensingh,1999-2000,478340,602130
Mymensingh,2000-2001,525980,698110
Mymensingh,2001-2002,474150,622200
Mymensingh,2002-2003,465660,628150
Mymensingh,2003-2004,476690,626800
Mymensingh,2004-2005,486507,651081
Mymensingh,2005-2006,488850,637748
Mymensingh,2006-2007,511440,661023
Mymensingh,2007-2008,594160,812189
Mymensingh,2008-2009,595874,801190
Mymensingh,2009-2010,637360,908157
Mymensingh,2010-2011,637921,925937
Mymensingh,2011-2012,646190,966869
Mymensingh,2012-2013,647526,936015
Mymensingh,2013-2014,646955,1076409
Mymensingh,2014-2015,3619419,6034268
Narail,2006-2007,77610,112351
Narail,2007-2008,82500,144380
Narail,2008-2009,90162,146614
Narail,2009-2010,98028,171183
Narail,2010-2011,96483,156165
Narail,2011-2012,91540,159371
Narail,2012-2013,87128,146989
Narail,2013-2014,85464,121432
Narail,2014-2015,118687,178971
Narayangonj,2006-2007,71235,92794
Narayangonj,2007-2008,83030,129390
Narayangonj,2008-2009,78650,118218
Narayangonj,2009-2010,73316,111879
Narayangonj,2010-2011,73221,118127
Narayangonj,2011-2012,72692,125444
Narayangonj,2012-2013,73421,119075
Narayangonj,2013-2014,69119,117576
Narayangonj,2014-2015,66127,101838
Narsingdi,2006-2007,124840,162292
Narsingdi,2007-2008,132465,207669
Narsingdi,2008-2009,137572,212482
Narsingdi,2009-2010,146935,229264
Narsingdi,2010-2011,133399,223980
Narsingdi,2011-2012,132723,220941
Narsingdi,2012-2013,132958,228106
Narsingdi,2013-2014,132769,205812
Narsingdi,2014-2015,125561,196927
Natore,2006-2007,166460,264712
Natore,2007-2008,164465,304231
Natore,2008-2009,172189,298569
Natore,2009-2010,163249,287990
Natore,2010-2011,151044,288242
Natore,2011-2012,154186,298320
Natore,2012-2013,143397,247123
Natore,2013-2014,139970,249564
Natore,2014-2015,136334,253141
Nawabgonj,2006-2007,108200,171529
Nawabgonj,2007-2008,127260,206666
Nawabgonj,2008-2009,125730,197015
Nawabgonj,2009-2010,120874,168530
Nawabgonj,2010-2011,124795,190666
Nawabgonj,2011-2012,131407,202009
Nawabgonj,2012-2013,124832,198404
Nawabgonj,2013-2014,125329,196834
Nawabgonj,2014-2015,120452,182010
Netrokona,2006-2007,373340,510685
Netrokona,2007-2008,401280,618431
Netrokona,2008-2009,422466,651599
Netrokona,2009-2010,384419,580298
Netrokona,2010-2011,400383,657433
Netrokona,2011-2012,394942,638865
Netrokona,2012-2013,412627,718844
Netrokona,2013-2014,431989,707864
Netrokona,2014-2015,418797,729912
Nilphamari,2006-2007,176525,253619
Nilphamari,2007-2008,184055,295254
Nilphamari,2008-2009,188666,310839
Nilphamari,2009-2010,187941,301573
Nilphamari,2010-2011,189918,309887
Nilphamari,2011-2012,199055,314327
Nilphamari,2012-2013,200793,319184
Nilphamari,2013-2014,204352,331808
Nilphamari,2014-2015,203087,359308
Noagaon,2006-2007,429800,636438
Noagaon,2007-2008,456955,775270
Noagaon,2008-2009,455670,758334
Noagaon,2009-2010,459985,768087
Noagaon,2010-2011,461448,796884
Noagaon,2011-2012,469541,787873
Noagaon,2012-2013,476744,812180
Noagaon,2013-2014,476060,863446
Noagaon,2014-2015,500960,844183
Noakhali,1969-1970,44760,57140
Noakhali,1970-1971,52235,66555
Noakhali,1971-1972,68295,81970
Noakhali,1972-1973,69950,77750
Noakhali,1973-1974,136110,147015
Noakhali,1974-1975,169555,143895
Noakhali,1975-1976,175475,170065
Noakhali,1976-1977,153390,132915
Noakhali,1977-1978,157430,138630
Noakhali,1978-1979,141545,119675
Noakhali,1979-1980,144480,207375
Noakhali,1980-1981,121820,113400
Noakhali,1981-1982,147160,130315
Noakhali,1982-1983,171555,190305
Noakhali,1983-1984,153570,149050
Noakhali,1984-1985,182465,186536
Noakhali,1985-1986,147265,135654
Noakhali,1986-1987,181525,170790
Noakhali,1987-1988,186574,179716
Noakhali,1988-1989,275450,245155
Noakhali,1989-1990,300880,314940
Noakhali,1990-1991,329260,321600
Noakhali,1991-1992,344000,364650
Noakhali,1992-1993,283200,245960
Noakhali,1993-1994,272560,238390
Noakhali,1994-1995,215060,186040
Noakhali,1995-1996,231690,232540
Noakhali,1996-1997,230070,243810
Noakhali,1997-1998,247870,262710
Noakhali,1998-1999,251120,321060
Noakhali,1999-2000,256650,326330
Noakhali,2000-2001,260080,322210
Noakhali,2001-2002,271420,338390
Noakhali,2002-2003,280340,361020
Noakhali,2003-2004,247180,309860
Noakhali,2004-2005,249138,342958
Noakhali,2005-2006,225865,294267
Noakhali,2006-2007,109930,156504
Noakhali,2007-2008,134640,222981
Noakhali,2008-2009,133128,214076
Noakhali,2009-2010,142813,219398
Noakhali,2010-2011,144502,228637
Noakhali,2011-2012,146257,229450
Noakhali,2012-2013,144759,232474
Noakhali,2013-2014,152793,259655
Noakhali,2014-2015,147811,262472
Pabna,1969-1970,21090,18120
Pabna,1970-1971,26435,26780
Pabna,1971-1972,29435,27030
Pabna,1972-1973,42370,40640
Pabna,1973-1974,64700,59860
Pabna,1974-1975,71160,57720
Pabna,1975-1976,65410,57260
Pabna,1976-1977,30135,26315
Pabna,1977-1978,38580,36735
Pabna,1978-1979,37400,24760
Pabna,1979-1980,36880,28570
Pabna,1980-1981,41655,40840
Pabna,1981-1982,90595,100825
Pabna,1982-1983,103765,128215
Pabna,1983-1984,127625,138040
Pabna,1984-1985,138320,161300
Pabna,1985-1986,141850,180655
Pabna,1986-1987,151015,162820
Pabna,1987-1988,215500,219167
Pabna,1988-1989,223340,245660
Pabna,1989-1990,243220,272330
Pabna,1990-1991,238550,276680
Pabna,1991-1992,245870,285930
Pabna,1992-1993,242040,255140
Pabna,1993-1994,208980,259630
Pabna,1994-1995,230500,250320
Pabna,1995-1996,244240,292220
Pabna,1996-1997,250780,302060
Pabna,1997-1998,253920,307110
Pabna,1998-1999,349930,467500
Pabna,1999-2000,361850,458180
Pabna,2000-2001,420910,572210
Pabna,2001-2002,407460,541710
Pabna,2002-2003,420720,558960
Pabna,2003-2004,426900,582690
Pabna,2004-2005,444306,657656
Pabna,2005-2006,434620,658775
Pabna,2006-2007,156535,261351
Pabna,2007-2008,172335,300708
Pabna,2008-2009,173530,286172
Pabna,2009-2010,169054,267512
Pabna,2010-2011,168127,287189
Pabna,2011-2012,169421,284993
Pabna,2012-2013,174473,298243
Pabna,2013-2014,173743,294646
Pabna,2014-2015,171494,277632
Panchagar,2006-2007,81375,111872
Panchagar,2006-2007,81375,111872
Panchagar,2007-2008,98140,157844
Panchagar,2008-2009,114892,190344
Panchagar,2009-2010,114865,182305
Panchagar,2010-2011,113231,183316
Panchagar,2011-2012,115564,179736
Panchagar,2012-2013,106179,171096
Panchagar,2013-2014,99324,153027
Panchagar,2014-2015,101897,168532
Patuakhali,1969-1970,18900,22330
Patuakhali,1970-1971,53485,65550
Patuakhali,1971-1972,38065,42010
Patuakhali,1972-1973,56410,68990
Patuakhali,1973-1974,64285,63645
Patuakhali,1974-1975,29540,31085
Patuakhali,1975-1976,42320,43365
Patuakhali,1976-1977,11460,8920
Patuakhali,1977-1978,27450,24895
Patuakhali,1978-1979,31770,24470
Patuakhali,1979-1980,27290,28615
Patuakhali,1980-1981,14185,10460
Patuakhali,1981-1982,19440,15770
Patuakhali,1982-1983,21385,17900
Patuakhali,1983-1984,24295,13170
Patuakhali,1984-1985,35425,19465
Patuakhali,1985-1986,15365,8784
Patuakhali,1986-1987,12010,5385
Patuakhali,1987-1988,10890,4289
Patuakhali,1988-1989,6720,4110
Patuakhali,1989-1990,4740,2960
Patuakhali,1990-1991,6420,3750
Patuakhali,1991-1992,12550,10730
Patuakhali,1992-1993,14000,12260
Patuakhali,1993-1994,15910,14540
Patuakhali,1994-1995,19790,19530
Patuakhali,1995-1996,21220,21500
Patuakhali,1996-1997,22230,25860
Patuakhali,1997-1998,24210,28510
Patuakhali,1998-1999,13400,13660
Patuakhali,1999-2000,3230,3730
Patuakhali,2000-2001,2010,1420
Patuakhali,2001-2002,2730,1810
Patuakhali,2002-2003,2520,1510
Patuakhali,2003-2004,2120,1260
Patuakhali,2004-2005,2038,1437
Patuakhali,2005-2006,1580,874
Patuakhali,2006-2007,6095,3557
Patuakhali,2007-2008,8420,5542
Patuakhali,2008-2009,7968,5186
Patuakhali,2009-2010,11282,10622
Patuakhali,2010-2011,10929,11456
Patuakhali,2011-2012,9542,9494
Patuakhali,2012-2013,7760,7746
Patuakhali,2013-2014,6688,6380
Patuakhali,2014-2015,726,851
Perojpur,2006-2007,34940,44419
Perojpur,2007-2008,42095,58223
Perojpur,2008-2009,47984,64524
Perojpur,2009-2010,46870,65626
Perojpur,2010-2011,49695,68965
Perojpur,2011-2012,49041,63243
Perojpur,2012-2013,47508,60771
Perojpur,2013-2014,48557,70660
Perojpur,2014-2015,139313,173804
Rajbari,2006-2007,46505,75533
Rajbari,2007-2008,51250,83916
Rajbari,2008-2009,55460,83410
Rajbari,2009-2010,48934,78921
Rajbari,2010-2011,47804,80974
Rajbari,2011-2012,46531,77534
Rajbari,2012-2013,42257,70020
Rajbari,2013-2014,41014,68464
Rajbari,2014-2015,43161,74343
Rajshahi,1969-1970,90360,66730
Rajshahi,1970-1971,95000,78590
Rajshahi,1971-1972,84240,63020
Rajshahi,1972-1973,97435,82030
Rajshahi,1973-1974,125005,119685
Rajshahi,1974-1975,126005,104125
Rajshahi,1975-1976,129060,101630
Rajshahi,1976-1977,105800,94660
Rajshahi,1977-1978,104650,95995
Rajshahi,1978-1979,92665,70305
Rajshahi,1979-1980,95605,84205
Rajshahi,1980-1981,85165,96040
Rajshahi,1981-1982,112885,113360
Rajshahi,1982-1983,128290,130080
Rajshahi,1983-1984,151915,167130
Rajshahi,1984-1985,143520,159135
Rajshahi,1985-1986,226790,237903
Rajshahi,1986-1987,271160,289235
Rajshahi,1987-1988,293341,319758
Rajshahi,1988-1989,379345,346075
Rajshahi,1989-1990,426890,418780
Rajshahi,1990-1991,420130,512710
Rajshahi,1991-1992,427680,522710
Rajshahi,1992-1993,448720,537220
Rajshahi,1993-1994,469080,584140
Rajshahi,1994-1995,507230,573420
Rajshahi,1995-1996,535400,639420
Rajshahi,1996-1997,540160,648810
Rajshahi,1997-1998,549750,692760
Rajshahi,1998-1999,688320,914820
Rajshahi,1999-2000,728620,955430
Rajshahi,2000-2001,796040,1061600
Rajshahi,2001-2002,804960,1054990
Rajshahi,2002-2003,840880,1121930
Rajshahi,2003-2004,881360,1201000
Rajshahi,2004-2005,886941,1274843
Rajshahi,2005-2006,866455,1274558
Rajshahi,2006-2007,178155,288762
Rajshahi,2007-2008,193860,341679
Rajshahi,2008-2009,195615,326367
Rajshahi,2009-2010,176055,272891
Rajshahi,2010-2011,180307,292510
Rajshahi,2011-2012,189045,311571
Rajshahi,2012-2013,184627,302833
Rajshahi,2013-2014,180726,286351
Rajshahi,2014-2015,179050,298819
Rangamati,1980-1981,19305,20260
Rangamati,1981-1982,22265,23035
Rangamati,1982-1983,26745,27885
Rangamati,1983-1984,14655,16260
Rangamati,1984-1985,17700,19080
Rangamati,1985-1986,13795,13882
Rangamati,1986-1987,10285,9530
Rangamati,1987-1988,9680,9181
Rangamati,1988-1989,11520,9925
Rangamati,1989-1990,12660,112700
Rangamati,1990-1991,12480,10170
Rangamati,1991-1992,14540,12960
Rangamati,1992-1993,12870,11620
Rangamati,1993-1994,14650,14420
Rangamati,1994-1995,12650,11200
Rangamati,1995-1996,12390,12100
Rangamati,1996-1997,13490,13520
Rangamati,1997-1998,14600,14640
Rangamati,1998-1999,14050,13870
Rangamati,1999-2000,13110,12930
Rangamati,2000-2001,16620,16180
Rangamati,2001-2002,16090,15770
Rangamati,2002-2003,15810,16100
Rangamati,2003-2004,17050,21960
Rangamati,2004-2005,17120,21817
Rangamati,2005-2006,17345,19630
Rangamati,2006-2007,17755,20631
Rangamati,2007-2008,16395,23936
Rangamati,2008-2009,17017,25032
Rangamati,2009-2010,18186,27491
Rangamati,2010-2011,20376,30774
Rangamati,2011-2012,20016,27126
Rangamati,2012-2013,11832,16623
Rangamati,2013-2014,18759,30629
Rangamati,2014-2015,18786,29896
Rangpur,1969-1970,32570,30555
Rangpur,1970-1971,35000,29665
Rangpur,1971-1972,29995,24725
Rangpur,1972-1973,37270,33335
Rangpur,1973-1974,55860,51205
Rangpur,1974-1975,58800,49675
Rangpur,1975-1976,55660,40970
Rangpur,1976-1977,31040,19220
Rangpur,1977-1978,58760,46265
Rangpur,1978-1979,80085,52765
Rangpur,1979-1980,79310,79010
Rangpur,1980-1981,71735,75435
Rangpur,1981-1982,101490,105770
Rangpur,1982-1983,119240,124920
Rangpur,1983-1984,127040,126175
Rangpur,1984-1985,152565,154535
Rangpur,1985-1986,254670,280739
Rangpur,1986-1987,329315,340975
Rangpur,1987-1988,394157,391777
Rangpur,1988-1989,458555,439325
Rangpur,1989-1990,430890,461820
Rangpur,1990-1991,442790,452680
Rangpur,1991-1992,443380,471860
Rangpur,1992-1993,467010,514950
Rangpur,1993-1994,490320,353510
Rangpur,1994-1995,555840,610100
Rangpur,1995-1996,581360,662390
Rangpur,1996-1997,594270,688410
Rangpur,1997-1998,612520,751650
Rangpur,1998-1999,814880,1036030
Rangpur,1999-2000,801070,1015910
Rangpur,2000-2001,861950,1102780
Rangpur,2001-2002,855780,969860
Rangpur,2002-2003,848260,1032080
Rangpur,2003-2004,871190,1147470
Rangpur,2004-2005,910930,1228937
Rangpur,2005-2006,922335,1290234
Rangpur,2006-2007,285785,429051
Rangpur,2007-2008,299335,472357
Rangpur,2008-2009,304290,483725
Rangpur,2009-2010,314804,515483
Rangpur,2010-2011,316099,480287
Rangpur,2011-2012,326938,497748
Rangpur,2012-2013,326753,537696
Rangpur,2013-2014,331530,572403
Rangpur,2014-2015,333970,605244
Satkhira,2006-2007,140060,216233
Satkhira,2007-2008,158255,234407
Satkhira,2008-2009,166257,238982
Satkhira,2009-2010,179856,263082
Satkhira,2010-2011,180942,260274
Satkhira,2011-2012,182071,265357
Satkhira,2012-2013,178811,270255
Satkhira,2013-2014,186159,287339
Satkhira,2014-2015,90214,141938
Shariatpur,2006-2007,82080,114575
Shariatpur,2007-2008,81170,127232
Shariatpur,2008-2009,82236,133527
Shariatpur,2009-2010,76820,115361
Shariatpur,2010-2011,75555,128536
Shariatpur,2011-2012,76529,131917
Shariatpur,2012-2013,68602,115805
Shariatpur,2013-2014,72567,126113
Shariatpur,2014-2015,67611,118593
Sherpur,2006-2007,184450,264829
Sherpur,2007-2008,192570,300939
Sherpur,2008-2009,189408,289593
Sherpur,2009-2010,212656,334072
Sherpur,2010-2011,212238,372775
Sherpur,2011-2012,216118,364441
Sherpur,2012-2013,216200,346450
Sherpur,2013-2014,215189,353366
Sherpur,2014-2015,654973,1080151
Sirajgonj,2006-2007,318920,514252
Sirajgonj,2007-2008,322270,555424
Sirajgonj,2008-2009,333756,537738
Sirajgonj,2009-2010,332161,515026
Sirajgonj,2010-2011,332689,582944
Sirajgonj,2011-2012,335367,580508
Sirajgonj,2012-2013,339588,571337
Sirajgonj,2013-2014,342373,569664
Sirajgonj,2014-2015,343735,591063
Sunamgonj,2006-2007,411590,411471
Sunamgonj,2007-2008,454845,544804
Sunamgonj,2008-2009,463146,529063
Sunamgonj,2009-2010,276677,353393
Sunamgonj,2010-2011,471144,657326
Sunamgonj,2011-2012,466510,643271
Sunamgonj,2012-2013,470806,641455
Sunamgonj,2013-2014,460322,649667
Sunamgonj,2014-2015,476190,695856
Sylhet,1969-1970,656240,474290
Sylhet,1970-1971,669400,515705
Sylhet,1971-1972,578675,353560
Sylhet,1972-1973,628865,408220
Sylhet,1973-1974,491435,192660
Sylhet,1974-1975,650845,406080
Sylhet,1975-1976,650250,417850
Sylhet,1976-1977,300000,149875
Sylhet,1977-1978,634000,430125
Sylhet,1978-1979,558550,273905
Sylhet,1979-1980,645000,460655
Sylhet,1980-1981,655130,492330
Sylhet,1981-1982,628755,389705
Sylhet,1982-1983,626800,411585
Sylhet,1983-1984,601690,423215
Sylhet,1984-1985,623875,459055
Sylhet,1985-1986,624245,378182
Sylhet,1986-1987,605860,386915
Sylhet,1987-1988,555183,350994
Sylhet,1988-1989,697730,430065
Sylhet,1989-1990,694050,394700
Sylhet,1990-1991,708420,467160
Sylhet,1991-1992,748640,535320
Sylhet,1992-1993,684270,456760
Sylhet,1993-1994,751980,532570
Sylhet,1994-1995,746420,514610
Sylhet,1995-1996,776160,555980
Sylhet,1996-1997,731670,568630
Sylhet,1997-1998,732300,598200
Sylhet,1998-1999,831270,686350
Sylhet,1999-2000,783590,709800
Sylhet,2000-2001,784310,837900
Sylhet,2001-2002,840870,883100
Sylhet,2002-2003,812730,870680
Sylhet,2003-2004,767150,759550
Sylhet,2004-2005,878905,961232
Sylhet,2005-2006,862160,934297
Sylhet,2006-2007,137470,111088
Sylhet,2007-2008,158200,153247
Sylhet,2008-2009,171338,155751
Sylhet,2009-2010,144976,168841
Sylhet,2010-2011,160776,195290
Sylhet,2011-2012,167393,190093
Sylhet,2012-2013,167275,206323
Sylhet,2013-2014,170795,199833
Sylhet,2014-2015,179747,212738
Tangail,1969-1970,49800,50710
Tangail,1970-1971,51500,49315
Tangail,1971-1972,41100,32220
Tangail,1972-1973,54045,58285
Tangail,1973-1974,54750,55040
Tangail,1974-1975,75785,80080
Tangail,1975-1976,79565,78830
Tangail,1976-1977,76810,82930
Tangail,1977-1978,97235,106383
Tangail,1978-1979,102000,80585
Tangail,1979-1980,100555,98850
Tangail,1980-1981,121315,130685
Tangail,1981-1982,179350,206430
Tangail,1982-1983,212735,262145
Tangail,1983-1984,185365,220385
Tangail,1984-1985,193530,235095
Tangail,1985-1986,175560,229511
Tangail,1986-1987,193400,229805
Tangail,1987-1988,204707,217278
Tangail,1988-1989,220720,237455
Tangail,1989-1990,223730,255020
Tangail,1990-1991,214630,237930
Tangail,1991-1992,217930,245070
Tangail,1992-1993,221360,249610
Tangail,1993-1994,221450,264880
Tangail,1994-1995,219040,242480
Tangail,1995-1996,240270,260520
Tangail,1996-1997,251910,283330
Tangail,1997-1998,256470,301880
Tangail,1998-1999,301880,304080
Tangail,1999-2000,323240,388080
Tangail,2000-2001,345060,421440
Tangail,2001-2002,346470,486310
Tangail,2002-2003,343500,506610
Tangail,2003-2004,348950,515620
Tangail,2004-2005,362201,532521
Tangail,2005-2006,367250,552594
Tangail,2006-2007,375000,580080
Tangail,2007-2008,401230,672851
Tangail,2008-2009,407099,637268
Tangail,2009-2010,406308,645116
Tangail,2010-2011,407347,652732
Tangail,2011-2012,412733,658508
Tangail,2012-2013,404361,658469
Tangail,2013-2014,410639,682506
Tangail,2014-2015,220475,349133
Thakurgaon,2006-2007,129970,190419
Thakurgaon,2006-2007,129970,190419
Thakurgaon,2007-2008,139310,257018
Thakurgaon,2008-2009,168678,283786
Thakurgaon,2009-2010,158756,272946
Thakurgaon,2010-2011,158297,267893
Thakurgaon,2011-2012,156902,260918
Thakurgaon,2012-2013,155083,218564
Thakurgaon,2013-2014,156955,244862
Thakurgaon,2014-2015,157505,250353
