FinancialYear,District Name,TotalArea(Acres),TotalProduction(Tons)
1969-1970,Dhaka,499125,185035
1969-1970,Kishoregonj,218880,54375
1969-1970,Mymensingh,1089970,325685
1969-1970,Tangail,0,0
1969-1970,Faridpur,577015,164925
1969-1970,Chittagong,264775,121470
1969-1970,Chittagong H.T.,128710,60160
1969-1970,Noakhali,478290,154690
1969-1970,Comilla,566325,224045
1969-1970,Sylhet,360260,164960
1969-1970,Rajshahi,474080,173860
1969-1970,Dinajpur,484460,187185
1969-1970,Rangpur,906800,324985
1969-1970,Bogra,286080,95240
1969-1970,Pabna,414815,145150
1969-1970,Khulna,119700,49115
1969-1970,Bakergonj,470150,181155
1969-1970,Patuakhali,126740,39200
1969-1970,Jessore,636155,214345
1969-1970,Kushtia,359405,97455
1970-1971,Dhaka,3100,400750
1970-1971,Kishoregonj,1075,231180
1970-1971,Mymensingh,9935,709830
1970-1971,Tangail,535,198640
1970-1971,Faridpur,0,479420
1970-1971,Chittagong,3760,217790
1970-1971,Chittagong H.T.,4600,121610
1970-1971,Noakhali,6265,489270
1970-1971,Comilla,16335,564220
1970-1971,Sylhet,14285,355030
1970-1971,Rajshahi,1010,463400
1970-1971,Dinajpur,8185,489920
1970-1971,Rangpur,1975,916840
1970-1971,Bogra,465,228600
1970-1971,Pabna,175,324480
1970-1971,Khulna,6590,83640
1970-1971,Bakergonj,2340,508750
1970-1971,Patuakhali,7100,127670
1970-1971,Jessore,7505,637010
1970-1971,Kushtia,11100,336900
1971-1972,Dhaka,406315,150285
1971-1972,Kishoregonj,240585,63310
1971-1972,Mymensingh,720075,222270
1971-1972,Tangail,199870,67905
1971-1972,Faridpur,435560,117600
1971-1972,Chittagong,197320,95810
1971-1972,Chittagong H.T.,117335,44420
1971-1972,Noakhali,463375,143625
1971-1972,Comilla,502410,169950
1971-1972,Sylhet,329135,132080
1971-1972,Rajshahi,442885,132530
1971-1972,Dinajpur,303370,103045
1971-1972,Rangpur,916865,278480
1971-1972,Bogra,210665,58020
1971-1972,Pabna,324625,88315
1971-1972,Khulna,93475,40365
1971-1972,Bakergonj,461215,128750
1971-1972,Patuakhali,101145,29925
1971-1972,Jessore,626820,203210
1971-1972,Kushtia,324890,73505
1972-1973,Dhaka,360745,104565
1972-1973,Kishoregonj,220290,67895
1972-1973,Mymensingh,729060,198725
1972-1973,Tangail,282070,79785
1972-1973,Faridpur,539500,153000
1972-1973,Chittagong,246185,100020
1972-1973,Chittagong H.T.,101890,30915
1972-1973,Noakhali,436350,158530
1972-1973,Comilla,493115,157780
1972-1973,Sylhet,248635,82385
1972-1973,Rajshahi,437000,142845
1972-1973,Dinajpur,274650,82835
1972-1973,Rangpur,827775,247375
1972-1973,Bogra,257240,82590
1972-1973,Pabna,293915,89755
1972-1973,Khulna,72400,20215
1972-1973,Bakergonj,475530,166645
1972-1973,Patuakhali,98450,31860
1972-1973,Jessore,561830,176050
1972-1973,Kushtia,284165,99300
1973-1974,Dhaka,385775,138340
1973-1974,Kishoregonj,273055,99485
1973-1974,Mymensingh,759010,276755
1973-1974,Tangail,205305,64865
1973-1974,Faridpur,489225,138260
1973-1974,Chittagong,289650,162355
1973-1974,Chittagong H.T.,99170,37775
1973-1974,Noakhali,417350,149690
1973-1974,Comilla,499815,246235
1973-1974,Sylhet,342630,144580
1973-1974,Rajshahi,451420,150530
1973-1974,Dinajpur,422110,162525
1973-1974,Rangpur,882970,294095
1973-1974,Bogra,248990,80310
1973-1974,Pabna,239815,67255
1973-1974,Khulna,102755,39345
1973-1974,Bakergonj,497085,173840
1973-1974,Patuakhali,103710,39095
1973-1974,Jessore,607925,212720
1973-1974,Kushtia,363280,123980
1974-1975,Dhaka,428705,154415
1974-1975,Kishoregonj,266980,95545
1974-1975,Mymensingh,767605,319040
1974-1975,Tangail,302880,100895
1974-1975,Faridpur,572305,176270
1974-1975,Chittagong,219465,159125
1974-1975,Chittagong H.T.,93770,37935
1974-1975,Noakhali,288995,93545
1974-1975,Comilla,255630,93930
1974-1975,Sylhet,396310,200985
1974-1975,Rajshahi,425855,154075
1974-1975,Dinajpur,455420,167430
1974-1975,Rangpur,989435,295575
1974-1975,Bogra,316915,111860
1974-1975,Pabna,292380,86510
1974-1975,Khulna,108965,53135
1974-1975,Bakergonj,470405,118675
1974-1975,Patuakhali,132320,29265
1974-1975,Jessore,689660,263875
1974-1975,Kushtia,382675,146880
1975-1976,Dhaka,414945,152100
1975-1976,Kishoregonj,320755,136050
1975-1976,Mymensingh,782910,330305
1975-1976,Tangail,309360,93580
1975-1976,Faridpur,585000,171920
1975-1976,Chittagong,207375,137855
1975-1976,Chittagong H.T.,103130,43725
1975-1976,Noakhali,395450,166325
1975-1976,Comilla,477490,193045
1975-1976,Sylhet,469030,251605
1975-1976,Rajshahi,454860,163535
1975-1976,Dinajpur,475230,178225
1975-1976,Rangpur,1045000,327575
1975-1976,Bogra,306850,97165
1975-1976,Pabna,342900,105410
1975-1976,Khulna,105785,45630
1975-1976,Bakergonj,482430,197650
1975-1976,Patuakhali,113145,36530
1975-1976,Jessore,710400,275895
1975-1976,Kushtia,350320,125975
1976-1977,Dhaka,406025,154110
1976-1977,Kishoregonj,251410,102635
1976-1977,Mymensingh,752800,338320
1976-1977,Tangail,301480,108230
1976-1977,Faridpur,599775,143650
1976-1977,Chittagong,124050,64520
1976-1977,Chittagong H.T.,72855,32940
1976-1977,Noakhali,386670,208840
1976-1977,Comilla,441140,182840
1976-1977,Sylhet,200000,61270
1976-1977,Rajshahi,497060,177765
1976-1977,Dinajpur,498780,198530
1976-1977,Rangpur,994935,334430
1976-1977,Bogra,292250,105640
1976-1977,Pabna,376580,113110
1976-1977,Khulna,106535,47180
1976-1977,Bakergonj,477135,221790
1976-1977,Patuakhali,124450,49675
1976-1977,Jessore,676210,253420
1976-1977,Kushtia,371605,112540
1977-1978,Dhaka,394620,162935
1977-1978,Kishoregonj,233025,102005
1977-1978,Mymensingh,714730,304055
1977-1978,Tangail,289310,114690
1977-1978,Faridpur,554605,118205
1977-1978,Chittagong,224980,163640
1977-1978,Chittagong H.T.,73560,34750
1977-1978,Noakhali,312290,166645
1977-1978,Comilla,459425,220465
1977-1978,Sylhet,350000,174110
1977-1978,Rajshahi,477060,181435
1977-1978,Dinajpur,458780,167045
1977-1978,Rangpur,976000,329220
1977-1978,Bogra,289425,103635
1977-1978,Pabna,367750,113160
1977-1978,Khulna,109320,46255
1977-1978,Bakergonj,402265,144810
1977-1978,Patuakhali,139115,47395
1977-1978,Jessore,637130,273115
1977-1978,Kushtia,351520,135620
1978-1979,Dhaka,380420,160060
1978-1979,Kishoregonj,205575,83750
1978-1979,Mymensingh,722490,328815
1978-1979,Tangail,290100,121060
1978-1979,Faridpur,551100,150380
1978-1979,Chittagong,217115,154065
1978-1979,Chittagong H.T.,90675,38480
1978-1979,Noakhali,329880,170765
1978-1979,Comilla,464690,237135
1978-1979,Sylhet,387890,182770
1978-1979,Rajshahi,483970,171035
1978-1979,Dinajpur,497925,201895
1978-1979,Rangpur,996550,349205
1978-1979,Bogra,292100,120680
1978-1979,Pabna,387125,129340
1978-1979,Khulna,110175,50365
1978-1979,Bakergonj,457465,176125
1978-1979,Patuakhali,140565,49670
1978-1979,Jessore,619325,261270
1978-1979,Kushtia,370125,151070
1979-1980,Bandarban,0,0
1979-1980,Chittagong,187360,106850
1979-1980,Comilla,470095,215295
1979-1980,Khagrachari,0,0
1979-1980,Noakhali,360095,153860
1979-1980,Rangamati,77445,27280
1979-1980,Sylhet,374035,156070
1979-1980,Dhaka,376830,149470
1979-1980,Faridpur,531140,122995
1979-1980,Jamalpur,295850,117860
1979-1980,Kishoregonj,221670,78830
1979-1980,Mymensingh,400835,218210
1979-1980,Tangail,290300,118935
1979-1980,Barisal,441125,158180
1979-1980,Jessore,577205,207870
1979-1980,Khulna,106240,46675
1979-1980,Kushtia,315905,107760
1979-1980,Patuakhali,100545,36588
1979-1980,Bogra,260115,106790
1979-1980,Dinajpur,441005,163610
1979-1980,Pabna,343425,108760
1979-1980,Rajshahi,429340,131785
1979-1980,Rangpur,884060,272940
1980-1981,Bandarban,0,0
1980-1981,Chittagong,178215,118335
1980-1981,Comilla,460465,217225
1980-1981,Khagrachari,0,0
1980-1981,Noakhali,297360,177570
1980-1981,Rangamati,73035,33470
1980-1981,Sylhet,422195,206060
1980-1981,Dhaka,432070,162670
1980-1981,Faridpur,427805,121725
1980-1981,Jamalpur,332705,134955
1980-1981,Kishoregonj,283930,114710
1980-1981,Mymensingh,423400,233880
1980-1981,Tangail,363300,113505
1980-1981,Barisal,494995,225875
1980-1981,Jessore,574185,224330
1980-1981,Khulna,176710,80420
1980-1981,Kushtia,343565,141530
1980-1981,Patuakhali,179930,73860
1980-1981,Bogra,258430,133915
1980-1981,Dinajpur,483205,187700
1980-1981,Pabna,350110,127705
1980-1981,Rajshahi,313970,113980
1980-1981,Rangpur,819000,291190
1981-1982,Bandarban,0,0
1981-1982,Chittagong,0,217485
1981-1982,Comilla,0,488535
1981-1982,Khagrachari,0,0
1981-1982,Noakhali,105,261970
1981-1982,Rangamati,1425,75655
1981-1982,Sylhet,3975,502330
1981-1982,Dhaka,1890,417890
1981-1982,Faridpur,0,517000
1981-1982,Jamalpur,65,301530
1981-1982,Kishoregonj,1270,309765
1981-1982,Mymensingh,6070,450075
1981-1982,Tangail,0,313615
1981-1982,Barisal,0,374880
1981-1982,Jessore,0,538100
1981-1982,Khulna,5,114030
1981-1982,Kushtia,0,360190
1981-1982,Patuakhali,0,168495
1981-1982,Bogra,0,263170
1981-1982,Dinajpur,0,416430
1981-1982,Pabna,0,339990
1981-1982,Rajshahi,0,462170
1981-1982,Rangpur,0,880780
1982-1983,Bandarban,0,0
1982-1983,Chittagong,189495,114730
1982-1983,Comilla,488145,233480
1982-1983,Khagrachari,0,0
1982-1983,Noakhali,306995,139880
1982-1983,Rangamati,64535,25790
1982-1983,Sylhet,501775,199785
1982-1983,Dhaka,405185,181500
1982-1983,Faridpur,542225,146155
1982-1983,Jamalpur,316910,137880
1982-1983,Kishoregonj,325670,128285
1982-1983,Mymensingh,478370,227570
1982-1983,Tangail,306635,109590
1982-1983,Barisal,412110,170275
1982-1983,Jessore,516390,172050
1982-1983,Khulna,124055,57430
1982-1983,Kushtia,360230,95340
1982-1983,Patuakhali,157170,68120
1982-1983,Bogra,254580,116215
1982-1983,Dinajpur,381675,160800
1982-1983,Pabna,380260,99160
1982-1983,Rajshahi,360350,117665
1982-1983,Rangpur,932190,315835
1983-1984,Bandarban,0,0
1983-1984,Chittagong,183810,116210
1983-1984,Comilla,478180,235975
1983-1984,Khagrachari,0,0
1983-1984,Noakhali,307440,161610
1983-1984,Rangamati,59070,29905
1983-1984,Sylhet,476845,175600
1983-1984,Dhaka,428525,192720
1983-1984,Faridpur,545530,157765
1983-1984,Jamalpur,304010,127990
1983-1984,Kishoregonj,295580,144000
1983-1984,Mymensingh,472820,228020
1983-1984,Tangail,241475,92330
1983-1984,Barisal,442275,189065
1983-1984,Jessore,510865,165360
1983-1984,Khulna,124525,57070
1983-1984,Kushtia,308445,134345
1983-1984,Patuakhali,183135,80915
1983-1984,Bogra,246355,110890
1983-1984,Dinajpur,426560,192885
1983-1984,Pabna,368205,106025
1983-1984,Rajshahi,532165,196795
1983-1984,Rangpur,820325,275110
1984-1985,Bandarban,17900,10579
1984-1985,Chittagong,180025,110965
1984-1985,Comilla,406795,178169
1984-1985,Khagrachari,21075,11943
1984-1985,Noakhali,281960,141752
1984-1985,Rangamati,15500,9353
1984-1985,Sylhet,393100,157785
1984-1985,Dhaka,385010,159694
1984-1985,Faridpur,467190,107464
1984-1985,Jamalpur,301940,122234
1984-1985,Kishoregonj,286135,140330
1984-1985,Mymensingh,473915,215394
1984-1985,Tangail,224575,71039
1984-1985,Barisal,439460,144967
1984-1985,Jessore,443880,161406
1984-1985,Khulna,73860,28084
1984-1985,Kushtia,330700,172190
1984-1985,Patuakhali,186595,57150
1984-1985,Bogra,217360,94717
1984-1985,Dinajpur,433295,194113
1984-1985,Pabna,369935,104791
1984-1985,Rajshahi,520520,180072
1984-1985,Rangpur,841710,275837
1985-1986,Bandarban,16685,10510
1985-1986,Chittagong,160170,103573
1985-1986,Comilla,413310,160545
1985-1986,Khagrachari,19105,11945
1985-1986,Noakhali,314540,149770
1985-1986,Rangamati,14280,9796
1985-1986,Sylhet,417490,163149
1985-1986,Dhaka,282855,123688
1985-1986,Faridpur,560900,149845
1985-1986,Jamalpur,283310,119840
1985-1986,Kishoregonj,264660,125830
1985-1986,Mymensingh,440630,217721
1985-1986,Tangail,219195,75990
1985-1986,Barisal,478875,171965
1985-1986,Jessore,396590,156665
1985-1986,Khulna,83680,32150
1985-1986,Kushtia,327915,170345
1985-1986,Patuakhali,207760,70645
1985-1986,Bogra,178675,84285
1985-1986,Dinajpur,382540,169910
1985-1986,Pabna,340350,103930
1985-1986,Rajshahi,434905,154829
1985-1986,Rangpur,791700,290305
1986-1987,Bandarban,20285,13340
1986-1987,Chittagong,144595,80500
1986-1987,Comilla,429945,202280
1986-1987,Khagrachari,11820,8195
1986-1987,Noakhali,441345,204515
1986-1987,Rangamati,14250,9020
1986-1987,Sylhet,473830,230180
1986-1987,Dhaka,329715,143855
1986-1987,Faridpur,602530,211660
1986-1987,Jamalpur,232775,108055
1986-1987,Kishoregonj,246735,124735
1986-1987,Mymensingh,430700,206995
1986-1987,Tangail,240320,79140
1986-1987,Barisal,518090,215605
1986-1987,Jessore,532090,240375
1986-1987,Khulna,84365,37430
1986-1987,Kushtia,396250,197805
1986-1987,Patuakhali,258005,88220
1986-1987,Bogra,188455,90920
1986-1987,Dinajpur,315110,145675
1986-1987,Pabna,262040,97380
1986-1987,Rajshahi,384145,168770
1986-1987,Rangpur,615535,245305
1987-1988,Bandarban,0,23235
1987-1988,Chittagong,3875,170545
1987-1988,Comilla,0,454210
1987-1988,Khagrachari,890,10630
1987-1988,Noakhali,30,358530
1987-1988,Rangamati,35,12320
1987-1988,Sylhet,5270,353015
1987-1988,Dhaka,1310,283530
1987-1988,Faridpur,0,649690
1987-1988,Jamalpur,0,203925
1987-1988,Kishoregonj,0,285670
1987-1988,Mymensingh,1810,446685
1987-1988,Tangail,0,193050
1987-1988,Barisal,0,576285
1987-1988,Jessore,0,552800
1987-1988,Khulna,0,102505
1987-1988,Kushtia,0,418935
1987-1988,Patuakhali,0,298585
1987-1988,Bogra,0,77900
1987-1988,Dinajpur,0,340840
1987-1988,Pabna,0,206465
1987-1988,Rajshahi,320,295115
1987-1988,Rangpur,495,576225
1988-1989,Bandarban,19500,10720
1988-1989,Chittagong,99944,54785
1988-1989,Comilla,356485,209070
1988-1989,Khagrachari,8375,4570
1988-1989,Noakhali,464220,224765
1988-1989,Rangamati,12495,7350
1988-1989,Sylhet,421555,226820
1988-1989,Dhaka,324355,108760
1988-1989,Faridpur,688820,232700
1988-1989,Jamalpur,171525,69625
1988-1989,Kishoregonj,138640,70240
1988-1989,Mymensingh,411745,182555
1988-1989,Tangail,202500,64040
1988-1989,Barisal,545415,212825
1988-1989,Jessore,517310,229615
1988-1989,Khulna,123975,58115
1988-1989,Kushtia,389420,193575
1988-1989,Patuakhali,288825,90675
1988-1989,Bogra,57730,31165
1988-1989,Dinajpur,314955,133035
1988-1989,Pabna,197140,62715
1988-1989,Rajshahi,386550,161665
1988-1989,Rangpur,489665,216580
1989-1990,Bandarban,23095,14685
1989-1990,Chittagong,113005,73215
1989-1990,Comilla,309255,161980
1989-1990,Khagrachari,5090,3010
1989-1990,Noakhali,372485,172705
1989-1990,Rangamati,12595,7845
1989-1990,Sylhet,527020,263215
1989-1990,Dhaka,263270,109475
1989-1990,Faridpur,588790,206795
1989-1990,Jamalpur,157090,60625
1989-1990,Kishoregonj,189485,99270
1989-1990,Mymensingh,328765,154895
1989-1990,Tangail,159440,49350
1989-1990,Barisal,459060,202790
1989-1990,Jessore,380225,172115
1989-1990,Khulna,102320,46045
1989-1990,Kushtia,306975,149965
1989-1990,Patuakhali,175200,68270
1989-1990,Bogra,40500,20965
1989-1990,Dinajpur,215110,82140
1989-1990,Pabna,145870,55260
1989-1990,Rajshahi,359165,156050
1989-1990,Rangpur,356415,156665
1990-1991,Bandarban,24520,15410
1990-1991,Chittagong,119380,87790
1990-1991,Comilla,306800,177220
1990-1991,Khagrachari,5330,3870
1990-1991,Noakhali,293110,128080
1990-1991,Rangamati,13300,8160
1990-1991,Sylhet,479180,268980
1990-1991,Dhaka,224780,89550
1990-1991,Faridpur,497050,139140
1990-1991,Jamalpur,161000,58830
1990-1991,Kishoregonj,165880,87710
1990-1991,Mymensingh,316070,141370
1990-1991,Tangail,154140,47250
1990-1991,Barisal,440580,181510
1990-1991,Jessore,324580,150680
1990-1991,Khulna,92660,48270
1990-1991,Kushtia,296170,166380
1990-1991,Patuakhali,196730,81120
1990-1991,Bogra,41730,24170
1990-1991,Dinajpur,215360,88510
1990-1991,Pabna,135160,41690
1990-1991,Rajshahi,340160,137150
1990-1991,Rangpur,372690,154960
1991-1992,Bandarban,25540,16290
1991-1992,Chittagong,109740,92890
1991-1992,Comilla,282430,173430
1991-1992,Khagrachari,5870,3990
1991-1992,Noakhali,275600,106980
1991-1992,Rangamati,14170,8340
1991-1992,Sylhet,332370,182690
1991-1992,Dhaka,188450,73170
1991-1992,Faridpur,420190,131010
1991-1992,Jamalpur,150440,55060
1991-1992,Kishoregonj,167490,93530
1991-1992,Mymensingh,316670,148400
1991-1992,Tangail,139560,37600
1991-1992,Barisal,437330,169760
1991-1992,Jessore,357200,189030
1991-1992,Khulna,86110,57100
1991-1992,Kushtia,263360,140570
1991-1992,Patuakhali,176960,67930
1991-1992,Bogra,19210,9960
1991-1992,Dinajpur,180670,77750
1991-1992,Pabna,107870,34880
1991-1992,Rajshahi,305210,155500
1991-1992,Rangpur,372740,152660
1992-1993,Bandarban,25540,16290
1992-1993,Chittagong,109740,92890
1992-1993,Comilla,282430,173430
1992-1993,Khagrachari,5870,3990
1992-1993,Noakhali,275600,106980
1992-1993,Rangamati,14170,8340
1992-1993,Sylhet,332370,182690
1992-1993,Dhaka,188450,73170
1992-1993,Faridpur,420190,131010
1992-1993,Jamalpur,150440,55060
1992-1993,Kishoregonj,167490,93530
1992-1993,Mymensingh,316670,148400
1992-1993,Tangail,139560,37600
1992-1993,Barisal,437330,169760
1992-1993,Jessore,357200,189030
1992-1993,Khulna,86110,57100
1992-1993,Kushtia,263360,140570
1992-1993,Patuakhali,176960,67930
1992-1993,Bogra,19210,9960
1992-1993,Dinajpur,180670,77750
1992-1993,Pabna,107870,34880
1992-1993,Rajshahi,305210,155500
1992-1993,Rangpur,372740,152660
1993-1994,Bandarban,25620,15690
1993-1994,Chittagong,99580,76110
1993-1994,Comilla,237870,126790
1993-1994,Khagrachari,4090,2870
1993-1994,Noakhali,175820,70400
1993-1994,Rangamati,14930,8840
1993-1994,Sylhet,356370,184600
1993-1994,Dhaka,169980,61690
1993-1994,Faridpur,433360,134670
1993-1994,Jamalpur,136160,53840
1993-1994,Kishoregonj,170730,104860
1993-1994,Mymensingh,252440,122270
1993-1994,Tangail,123170,38680
1993-1994,Barisal,354180,121660
1993-1994,Jessore,246970,112100
1993-1994,Khulna,104290,64210
1993-1994,Kushtia,249370,137410
1993-1994,Patuakhali,146300,66360
1993-1994,Bogra,9760,4180
1993-1994,Dinajpur,115790,53090
1993-1994,Pabna,100440,32120
1993-1994,Rajshahi,285680,144330
1993-1994,Rangpur,263500,113490
1994-1995,Bandarban,26120,13430
1994-1995,Chittagong,87280,54700
1994-1995,Comilla,217770,100090
1994-1995,Khagrachari,3950,2930
1994-1995,Noakhali,242260,99010
1994-1995,Rangamati,14000,6230
1994-1995,Sylhet,503190,286410
1994-1995,Dhaka,161180,55010
1994-1995,Faridpur,448740,162210
1994-1995,Jamalpur,158960,54870
1994-1995,Kishoregonj,159260,81100
1994-1995,Mymensingh,258460,105170
1994-1995,Tangail,126510,34490
1994-1995,Barisal,365640,130140
1994-1995,Jessore,231300,116180
1994-1995,Khulna,93930,56710
1994-1995,Kushtia,212880,117090
1994-1995,Patuakhali,162040,71320
1994-1995,Bogra,8490,2700
1994-1995,Dinajpur,110150,31070
1994-1995,Pabna,93770,24630
1994-1995,Rajshahi,219490,107490
1994-1995,Rangpur,212060,77750
1995-1996,Bandarban,5760,5170
1995-1996,Chittagong,44780,38580
1995-1996,Comilla,127280,94540
1995-1996,Khagrachari,2820,2330
1995-1996,Noakhali,108820,72950
1995-1996,Rangamati,3970,3580
1995-1996,Sylhet,177920,140660
1995-1996,Dhaka,14490,8120
1995-1996,Faridpur,1390,1240
1995-1996,Jamalpur,19270,11760
1995-1996,Kishoregonj,103420,62850
1995-1996,Mymensingh,127530,90210
1995-1996,Tangail,10310,4820
1995-1996,Barisal,52250,31260
1995-1996,Jessore,50610,45130
1995-1996,Khulna,27580,22200
1995-1996,Kushtia,19110,18100
1995-1996,Patuakhali,38160,28540
1995-1996,Bogra,29800,20700
1995-1996,Dinajpur,53900,31270
1995-1996,Pabna,710,290
1995-1996,Rajshahi,89660,72560
1995-1996,Rangpur,60480,32010
1996-1997,Bandarban,29270,16690
1996-1997,Chittagong,88910,58230
1996-1997,Comilla,308210,162080
1996-1997,Khagrachari,4190,3050
1996-1997,Noakhali,241090,117480
1996-1997,Rangamati,11210,7290
1996-1997,Sylhet,445670,262240
1996-1997,Dhaka,138610,49120
1996-1997,Faridpur,408260,149770
1996-1997,Jamalpur,125250,44000
1996-1997,Kishoregonj,142730,77710
1996-1997,Mymensingh,262340,131170
1996-1997,Tangail,115920,32180
1996-1997,Barisal,378560,129920
1996-1997,Jessore,200840,110800
1996-1997,Khulna,57310,36250
1996-1997,Kushtia,182680,98690
1996-1997,Patuakhali,202020,101980
1996-1997,Bogra,33970,22110
1996-1997,Dinajpur,95090,43290
1996-1997,Pabna,70120,21480
1996-1997,Rajshahi,227220,129970
1996-1997,Rangpur,165250,65250
1997-1998,Bandarban,30620,17120
1997-1998,Chittagong,106710,63990
1997-1998,Comilla,305630,162450
1997-1998,Khagrachari,5870,4150
1997-1998,Noakhali,225370,105670
1997-1998,Rangamati,10230,6050
1997-1998,Sylhet,446380,273410
1997-1998,Dhaka,141200,45980
1997-1998,Faridpur,393480,122450
1997-1998,Jamalpur,111410,41710
1997-1998,Kishoregonj,142570,79940
1997-1998,Mymensingh,243370,134620
1997-1998,Tangail,107080,29350
1997-1998,Barisal,355600,134800
1997-1998,Jessore,237110,143420
1997-1998,Khulna,55050,35760
1997-1998,Kushtia,178890,97250
1997-1998,Patuakhali,209680,96660
1997-1998,Bogra,31210,20290
1997-1998,Dinajpur,90370,41960
1997-1998,Pabna,65900,23090
1997-1998,Rajshahi,229670,131960
1997-1998,Rangpur,144570,62350
1998-1999,Bandarban,30250,17000
1998-1999,Chittagong,112700,77210
1998-1999,Comilla,241660,119600
1998-1999,Khagrachari,3040,1670
1998-1999,Noakhali,195890,82860
1998-1999,Rangamati,10740,6650
1998-1999,Sylhet,375070,192880
1998-1999,Dhaka,117890,37360
1998-1999,Faridpur,378610,117650
1998-1999,Jamalpur,89160,31990
1998-1999,Kishoregonj,135850,61650
1998-1999,Mymensingh,216520,106660
1998-1999,Tangail,83170,20430
1998-1999,Barisal,354310,125450
1998-1999,Jessore,247250,143410
1998-1999,Khulna,46960,32120
1998-1999,Kushtia,183420,105650
1998-1999,Patuakhali,213740,104040
1998-1999,Bogra,26640,16870
1998-1999,Dinajpur,83890,39620
1998-1999,Pabna,67500,22940
1998-1999,Rajshahi,177290,97920
1998-1999,Rangpur,127930,55250
1999-2000,Bandarban,31610,17580
1999-2000,Chittagong,106060,80160
1999-2000,Comilla,218400,117650
1999-2000,Khagrachari,2700,1680
1999-2000,Noakhali,221980,125550
1999-2000,Rangamati,11370,7320
1999-2000,Sylhet,349950,212600
1999-2000,Dhaka,123520,40990
1999-2000,Faridpur,373810,133270
1999-2000,Jamalpur,73760,28300
1999-2000,Kishoregonj,131680,81420
1999-2000,Mymensingh,194930,100660
1999-2000,Tangail,71400,26660
1999-2000,Barisal,352910,170860
1999-2000,Jessore,247890,134770
1999-2000,Khulna,52020,32700
1999-2000,Kushtia,177530,110540
1999-2000,Patuakhali,223510,111820
1999-2000,Bogra,26370,17560
1999-2000,Dinajpur,72270,34120
1999-2000,Pabna,54970,21880
1999-2000,Rajshahi,174110,104380
1999-2000,Rangpur,46500,21440
2000-2001,Bandarban,30180,17870
2000-2001,Chittagong,106640,86960
2000-2001,Comilla,266460,197330
2000-2001,Khagrachari,3700,2830
2000-2001,Noakhali,219240,122050
2000-2001,Rangamati,11430,7360
2000-2001,Sylhet,396940,245440
2000-2001,Dhaka,117280,44170
2000-2001,Faridpur,317710,132840
2000-2001,Jamalpur,65140,32470
2000-2001,Kishoregonj,139750,95560
2000-2001,Mymensingh,186180,116570
2000-2001,Tangail,62210,22500
2000-2001,Barisal,357900,185360
2000-2001,Jessore,220870,152920
2000-2001,Khulna,31390,20670
2000-2001,Kushtia,173320,106020
2000-2001,Patuakhali,253490,146690
2000-2001,Bogra,19730,13450
2000-2001,Dinajpur,42040,30840
2000-2001,Pabna,60460,22870
2000-2001,Rajshahi,161010,99140
2000-2001,Rangpur,31700,13690
2001-2002,Bandarban,23400,14020
2001-2002,Chittagong,113580,90730
2001-2002,Comilla,271060,199690
2001-2002,Khagrachari,5200,3850
2001-2002,Noakhali,218990,129980
2001-2002,Rangamati,11110,6680
2001-2002,Sylhet,323550,215120
2001-2002,Dhaka,114850,48540
2001-2002,Faridpur,335960,129700
2001-2002,Jamalpur,51960,28010
2001-2002,Kishoregonj,102820,72310
2001-2002,Mymensingh,169220,114840
2001-2002,Tangail,58830,19790
2001-2002,Barisal,386160,210670
2001-2002,Jessore,170780,115200
2001-2002,Khulna,32080,22490
2001-2002,Kushtia,152690,95370
2001-2002,Patuakhali,248180,138170
2001-2002,Bogra,18060,12120
2001-2002,Dinajpur,28770,15510
2001-2002,Pabna,62860,23710
2001-2002,Rajshahi,144650,91240
2001-2002,Rangpur,24790,9980
2002-2003,Bandarban,25990,15610
2002-2003,Chittagong,118190,99430
2002-2003,Comilla,248920,182030
2002-2003,Khagrachari,5790,4640
2002-2003,Noakhali,224800,133980
2002-2003,Rangamati,12680,7190
2002-2003,Sylhet,339500,219070
2002-2003,Dhaka,108390,42490
2002-2003,Faridpur,317070,127970
2002-2003,Jamalpur,46760,22930
2002-2003,Kishoregonj,94900,69200
2002-2003,Mymensingh,168720,104440
2002-2003,Tangail,56160,33760
2002-2003,Barisal,374970,196350
2002-2003,Jessore,173240,127630
2002-2003,Khulna,29720,20940
2002-2003,Kushtia,142430,86110
2002-2003,Patuakhali,253360,152210
2002-2003,Bogra,17940,12740
2002-2003,Dinajpur,31960,26680
2002-2003,Pabna,70520,29450
2002-2003,Rajshahi,184020,118070
2002-2003,Rangpur,27330,17780
2003-2004,Bandarban,25320,15170
2003-2004,Chittagong,126820,108360
2003-2004,Comilla,229040,165300
2003-2004,Khagrachari,5870,6640
2003-2004,Noakhali,213550,123190
2003-2004,Rangamati,11850,7860
2003-2004,Sylhet,291360,213460
2003-2004,Dhaka,107500,46340
2003-2004,Faridpur,327240,142180
2003-2004,Jamalpur,43050,20070
2003-2004,Kishoregonj,89470,64380
2003-2004,Mymensingh,161460,112890
2003-2004,Tangail,54990,32330
2003-2004,Barisal,383740,201220
2003-2004,Jessore,165240,114240
2003-2004,Khulna,29550,21210
2003-2004,Kushtia,130630,74560
2003-2004,Patuakhali,252060,157160
2003-2004,Bogra,17890,12060
2003-2004,Dinajpur,27130,23780
2003-2004,Pabna,71570,32280
2003-2004,Rajshahi,185920,125120
2003-2004,Rangpur,20450,12040
2004-2005,Bandarban,24560,13390
2004-2005,Chittagong,112250,100830
2004-2005,Comilla,207260,140460
2004-2005,Khagrachari,6100,5890
2004-2005,Noakhali,208050,119320
2004-2005,Rangamati,14260,7810
2004-2005,Sylhet,226650,121760
2004-2005,Dhaka,57420,22780
2004-2005,Faridpur,220300,75590
2004-2005,Jamalpur,31470,12700
2004-2005,Kishoregonj,76090,41300
2004-2005,Mymensingh,134710,84190
2004-2005,Tangail,22020,8530
2004-2005,Barisal,380260,192580
2004-2005,Jessore,140540,113280
2004-2005,Khulna,32830,23280
2004-2005,Kushtia,90310,63580
2004-2005,Patuakhali,272970,170340
2004-2005,Bogra,17120,11850
2004-2005,Dinajpur,24980,19480
2004-2005,Pabna,51210,19960
2004-2005,Rajshahi,172210,127490
2004-2005,Rangpur,8560,4080
2005-2006,Bandarban,15261,8196
2005-2006,Chittagong,86645,82878
2005-2006,Comilla,209025,154405
2005-2006,Khagrachari,7384,6991
2005-2006,Noakhali,210436,128835
2005-2006,Rangamati,13668,9894
2005-2006,Sylhet,294787,230565
2005-2006,Dhaka,35870,17518
2005-2006,Faridpur,197718,73436
2005-2006,Jamalpur,32126,17193
2005-2006,Kishoregonj,75273,60797
2005-2006,Mymensingh,131882,86758
2005-2006,Tangail,7013,3412
2005-2006,Barisal,384895,223865
2005-2006,Jessore,142599,116121
2005-2006,Khulna,32223,24482
2005-2006,Kushtia,98548,75932
2005-2006,Patuakhali,258479,181349
2005-2006,Bogra,19867,14846
2005-2006,Dinajpur,20866,17752
2005-2006,Pabna,59975,30713
2005-2006,Rajshahi,214255,175489
2005-2006,Rangpur,6975,3612
2006-2007,Bandarban,16195,10604
2006-2007,Chittagong,91835,86859
2006-2007,Cox's Bazar,1725,1897
2006-2007,Comilla,116225,90069
2006-2007,Chandpur,37490,24838
2006-2007,Brahmanbaria,14010,7986
2006-2007,Khagrachari,6585,5111
2006-2007,Noakhali,82155,56648
2006-2007,Lakshmipur,64305,45088
2006-2007,Feni,34435,25262
2006-2007,Rangamati,12790,7989
2006-2007,Sylhet,107250,81782
2006-2007,Maulavibazar,53980,42444
2006-2007,Sunamgonj,9250,5655
2006-2007,Hobigonj,67250,55222
2006-2007,Dhaka,3490,1239
2006-2007,Gazipur,5970,3846
2006-2007,Manikgonj,6425,1090
2006-2007,Munshigonj,8015,2668
2006-2007,Narayangonj,1490,774
2006-2007,Narsingdi,1605,531
2006-2007,Faridpur,41920,12678
2006-2007,Rajbari,30270,9625
2006-2007,Madaripur,20350,6707
2006-2007,Gopalgonj,17625,5316
2006-2007,Shariatpur,39330,13829
2006-2007,Jamalpur,1480,739
2006-2007,Sherpur,21885,12482
2006-2007,Kishoregonj,44995,37659
2006-2007,Netrokona,15740,11522
2006-2007,Mymenshing,131785,91233
2006-2007,Tangail,7195,3120
2006-2007,Barisal,76115,44104
2006-2007,Jhalakathi,53915,34461
2006-2007,Perojpur,50180,29723
2006-2007,Bhola,123480,62360
2006-2007,Jessore,72520,75625
2006-2007,Jhenaidah,31065,22234
2006-2007,Magura,13310,9135
2006-2007,Narail,20925,9708
2006-2007,Khulna,10750,5557
2006-2007,Bagerhat,12055,8669
2006-2007,Satkhira,3720,3606
2006-2007,Khustia,58880,41294
2006-2007,Chuadanga,20660,15796
2006-2007,Meherpur,9390,6985
2006-2007,Patuakhali,149595,83625
2006-2007,Barguna,89470,56092
2006-2007,Bogra,20940,15891
2006-2007,Joypurhat,420,321
2006-2007,Dinajpur,19260,14343
2006-2007,Thakurgaon,0,0
2006-2007,Panchagar,0,0
2006-2007,Pabna,50180,17732
2006-2007,Sirajgonj,1570,855
2006-2007,Rajshahi,76925,67169
2006-2007,Noagaon,52895,45572
2006-2007,Natore,19975,11140
2006-2007,Nawabgonj,80660,65724
2006-2007,Rangpur,0,0
2006-2007,Gaibandha,40,46
2006-2007,Kurigram,4830,2046
2006-2007,Nilphamari,0,0
2006-2007,Lalmonirhat,0,0
2007-2008,Bandarban,18405,11513
2007-2008,Chittagong,99600,93523
2007-2008,Cox's Bazar,1765,1837
2007-2008,Comilla,77375,50677
2007-2008,Chandpur,23450,15610
2007-2008,Brahmanbaria,8310,4535
2007-2008,Khagrachari,6545,5791
2007-2008,Noakhali,98060,47722
2007-2008,Lakshmipur,77890,47022
2007-2008,Feni,32765,18206
2007-2008,Rangamati,15435,8723
2007-2008,Sylhet,93905,65463
2007-2008,Maulavibazar,58785,46604
2007-2008,Sunamgonj,7695,3825
2007-2008,Hobigonj,71425,46895
2007-2008,Dhaka,1960,804
2007-2008,Gazipur,6445,4328
2007-2008,Manikgonj,3375,661
2007-2008,Munshigonj,5970,2582
2007-2008,Narayangonj,2570,1617
2007-2008,Narsingdi,1085,484
2007-2008,Faridpur,19740,5512
2007-2008,Rajbari,10870,4206
2007-2008,Madaripur,5590,2064
2007-2008,Gopalgonj,8980,3181
2007-2008,Shariatpur,20590,7028
2007-2008,Jamalpur,1375,885
2007-2008,Sherpur,22375,13744
2007-2008,Kishoregonj,32135,25072
2007-2008,Netrokona,11475,8082
2007-2008,Mymenshing,127325,88198
2007-2008,Tangail,980,447
2007-2008,Barisal,79435,42882
2007-2008,Jhalakathi,51570,35671
2007-2008,Perojpur,45310,26584
2007-2008,Bhola,145715,79537
2007-2008,Jessore,86660,80571
2007-2008,Jhenaidah,42005,30906
2007-2008,Magura,8650,5490
2007-2008,Narail,18520,8803
2007-2008,Khulna,13695,8060
2007-2008,Bagerhat,14390,9995
2007-2008,Satkhira,3175,2955
2007-2008,Khustia,67255,38256
2007-2008,Chuadanga,27555,19851
2007-2008,Meherpur,9785,6720
2007-2008,Patuakhali,159430,85233
2007-2008,Barguna,89420,69622
2007-2008,Bogra,52555,44430
2007-2008,Joypurhat,220,155
2007-2008,Dinajpur,25145,17608
2007-2008,Thakurgaon,0,0
2007-2008,Panchagar,0,0
2007-2008,Pabna,45795,16038
2007-2008,Sirajgonj,4525,2932
2007-2008,Rajshahi,105520,84331
2007-2008,Noagaon,72605,65714
2007-2008,Natore,22360,11419
2007-2008,Nawabgonj,102135,74924
2007-2008,Rangpur,0,0
2007-2008,Gaibandha,25,14
2007-2008,Kurigram,2340,1310
2007-2008,Nilphamari,0,0
2007-2008,Lalmonirhat,0,0
2008-2009,Bandarban,20800,15636
2008-2009,Chittagong,103450,102177
2008-2009,Cox's Bazar,1785,1871
2008-2009,Comilla,124460,99278
2008-2009,Chandpur,31390,23942
2008-2009,Brahmanbaria,10620,6211
2008-2009,Khagrachari,6440,4864
2008-2009,Noakhali,100010,50873
2008-2009,Lakshmipur,78770,49669
2008-2009,Feni,34055,24654
2008-2009,Rangamati,16345,9965
2008-2009,Sylhet,104500,74520
2008-2009,Maulavibazar,46570,37638
2008-2009,Sunamgonj,7925,4646
2008-2009,Hobigonj,73555,62773
2008-2009,Dhaka,2780,1492
2008-2009,Gazipur,6595,4199
2008-2009,Manikgonj,1025,228
2008-2009,Munshigonj,3085,1319
2008-2009,Narayangonj,2525,1591
2008-2009,Narsingdi,1050,530
2008-2009,Faridpur,35265,14034
2008-2009,Rajbari,11165,6460
2008-2009,Madaripur,8535,3858
2008-2009,Gopalgonj,10115,3829
2008-2009,Shariatpur,28740,12336
2008-2009,Jamalpur,3255,1412
2008-2009,Sherpur,23860,15763
2008-2009,Kishoregonj,40460,33845
2008-2009,Netrokona,10925,6613
2008-2009,Mymenshing,147495,106457
2008-2009,Tangail,2770,1163
2008-2009,Barisal,90050,49954
2008-2009,Jhalakathi,55735,40202
2008-2009,Perojpur,54025,36111
2008-2009,Bhola,163745,87298
2008-2009,Jessore,99345,93031
2008-2009,Jhenaidah,56205,50131
2008-2009,Magura,14940,9858
2008-2009,Narail,20325,10123
2008-2009,Khulna,18980,11594
2008-2009,Bagerhat,20650,13926
2008-2009,Satkhira,6080,4559
2008-2009,Khustia,88225,65995
2008-2009,Chuadanga,33950,27860
2008-2009,Meherpur,12165,8294
2008-2009,Patuakhali,165350,105189
2008-2009,Barguna,113630,89335
2008-2009,Bogra,71915,60130
2008-2009,Joypurhat,125,95
2008-2009,Dinajpur,22755,22245
2008-2009,Thakurgaon,0,0
2008-2009,Panchagar,0,0
2008-2009,Pabna,54065,24011
2008-2009,Sirajgonj,10905,6247
2008-2009,Rajshahi,123455,115356
2008-2009,Noagaon,85715,80586
2008-2009,Natore,27120,16321
2008-2009,Nawabgonj,121330,81055
2008-2009,Rangpur,0,0
2008-2009,Gaibandha,785,535
2008-2009,Kurigram,895,516
2008-2009,Nilphamari,0,0
2008-2009,Lalmonirhat,180,154
2009-2010,Bandarban,18878,10690
2009-2010,Chittagong,104473,102418
2009-2010,Cox's Bazar,1632,2209
2009-2010,Comilla,160828,137086
2009-2010,Chandpur,29625,21373
2009-2010,Brahmanbaria,7947,4455
2009-2010,Khagrachari,5891,4382
2009-2010,Noakhali,110616,67155
2009-2010,Lakshmipur,70437,44473
2009-2010,Feni,29975,24875
2009-2010,Rangamati,15118,9203
2009-2010,Sylhet,85561,70719
2009-2010,Maulavibazar,44378,39324
2009-2010,Sunamgonj,6719,4100
2009-2010,Hobigonj,83005,80321
2009-2010,Dhaka,2227,1353
2009-2010,Gazipur,6145,4086
2009-2010,Manikgonj,874,244
2009-2010,Munshigonj,3553,2676
2009-2010,Narayangonj,1947,2220
2009-2010,Narsingdi,1022,516
2009-2010,Faridpur,32845,12374
2009-2010,Rajbari,23581,8113
2009-2010,Madaripur,9877,3998
2009-2010,Gopalgonj,12392,4332
2009-2010,Shariatpur,25330,7911
2009-2010,Jamalpur,2793,1539
2009-2010,Sherpur,8913,4719
2009-2010,Kishoregonj,42450,33830
2009-2010,Netrokona,5086,2785
2009-2010,Mymenshing,123129,71548
2009-2010,Tangail,2610,907
2009-2010,Barisal,78403,49051
2009-2010,Jhalakathi,51108,39107
2009-2010,Perojpur,58077,40949
2009-2010,Bhola,162053,78827
2009-2010,Jessore,80943,71742
2009-2010,Jhenaidah,66864,55054
2009-2010,Magura,16729,13751
2009-2010,Narail,16998,8603
2009-2010,Khulna,14517,8320
2009-2010,Bagerhat,16626,11051
2009-2010,Satkhira,8467,7425
2009-2010,Khustia,87106,62781
2009-2010,Chuadanga,25372,19735
2009-2010,Meherpur,16402,12770
2009-2010,Patuakhali,150498,94870
2009-2010,Barguna,108352,80873
2009-2010,Bogra,40894,27889
2009-2010,Joypurhat,70,32
2009-2010,Dinajpur,9578,7826
2009-2010,Thakurgaon,0,0
2009-2010,Panchagar,0,0
2009-2010,Pabna,49000,18061
2009-2010,Sirajgonj,13039,7578
2009-2010,Rajshahi,76695,63960
2009-2010,Noagaon,75283,55776
2009-2010,Natore,21774,11795
2009-2010,Nawabgonj,106005,74854
2009-2010,Rangpur,0,0
2009-2010,Gaibandha,386,299
2009-2010,Kurigram,596,214
2009-2010,Nilphamari,0,0
2009-2010,Lalmonirhat,0,0
2010-2011,Bandarban,19015,13955
2010-2011,Chittagong,108306,102394
2010-2011,Cox's Bazar,12494,13572
2010-2011,Comilla,161742,141448
2010-2011,Chandpur,29093,22558
2010-2011,Brahmanbaria,9621,6894
2010-2011,Khagrachari,6072,4763
2010-2011,Noakhali,146057,91366
2010-2011,Lakshmipur,87452,56982
2010-2011,Feni,29604,22156
2010-2011,Rangamati,14254,9280
2010-2011,Sylhet,51682,40787
2010-2011,Maulavibazar,69243,59875
2010-2011,Sunamgonj,8181,4484
2010-2011,Hobigonj,84356,78956
2010-2011,Dhaka,1607,912
2010-2011,Gazipur,5763,3869
2010-2011,Manikgonj,785,220
2010-2011,Munshigonj,1458,684
2010-2011,Narayangonj,1195,1003
2010-2011,Narsingdi,1012,517
2010-2011,Faridpur,23593,8557
2010-2011,Rajbari,15573,5592
2010-2011,Madaripur,6389,2317
2010-2011,Gopalgonj,8663,2940
2010-2011,Shariatpur,23736,7668
2010-2011,Jamalpur,4220,1975
2010-2011,Sherpur,17120,13172
2010-2011,Kishoregonj,52394,41973
2010-2011,Netrokona,4542,3468
2010-2011,Mymenshing,139151,103901
2010-2011,Tangail,2434,865
2010-2011,Barisal,81759,58130
2010-2011,Jhalakathi,57781,43383
2010-2011,Perojpur,69446,54770
2010-2011,Bhola,170659,112453
2010-2011,Jessore,110794,106195
2010-2011,Jhenaidah,59948,54958
2010-2011,Magura,29603,26635
2010-2011,Narail,12053,5859
2010-2011,Khulna,13986,8569
2010-2011,Bagerhat,23150,17208
2010-2011,Satkhira,21273,20849
2010-2011,Khustia,106143,91493
2010-2011,Chuadanga,28466,23164
2010-2011,Meherpur,13658,12310
2010-2011,Patuakhali,164908,116945
2010-2011,Barguna,116932,88051
2010-2011,Bogra,54746,43404
2010-2011,Joypurhat,136,106
2010-2011,Dinajpur,10705,8603
2010-2011,Thakurgaon,205,227
2010-2011,Panchagar,0,0
2010-2011,Pabna,54112,22009
2010-2011,Sirajgonj,11611,7691
2010-2011,Rajshahi,97528,85089
2010-2011,Noagaon,135378,136237
2010-2011,Natore,27399,16963
2010-2011,Nawabgonj,129951,101865
2010-2011,Rangpur,0,0
2010-2011,Gaibandha,342,266
2010-2011,Kurigram,536,286
2010-2011,Nilphamari,0,0
2010-2011,Lalmonirhat,0,0
2011-2012,Bandarban,20160,16327
2011-2012,Chittagong,111671,108080
2011-2012,Cox's Bazar,7804,8779
2011-2012,Comilla,172231,157418
2011-2012,Chandpur,24538,24282
2011-2012,Brahmanbaria,14009,10367
2011-2012,Khagrachari,5961,5182
2011-2012,Noakhali,145880,96321
2011-2012,Lakshmipur,87488,61901
2011-2012,Feni,30420,29897
2011-2012,Rangamati,15515,9890
2011-2012,Sylhet,85426,78066
2011-2012,Maulavibazar,58017,58390
2011-2012,Sunamgonj,6221,3973
2011-2012,Hobigonj,85208,83736
2011-2012,Dhaka,1552,927
2011-2012,Gazipur,5258,4103
2011-2012,Manikgonj,954,463
2011-2012,Munshigonj,1304,713
2011-2012,Narayangonj,523,383
2011-2012,Narsingdi,818,609
2011-2012,Faridpur,18825,5272
2011-2012,Rajbari,11573,3617
2011-2012,Madaripur,4742,1784
2011-2012,Gopalgonj,8006,2847
2011-2012,Shariatpur,19812,6678
2011-2012,Jamalpur,2395,1700
2011-2012,Sherpur,18342,14273
2011-2012,Kishoregonj,52893,44564
2011-2012,Netrokona,2285,1598
2011-2012,Mymenshing,133521,108383
2011-2012,Tangail,2160,1003
2011-2012,Barisal,86477,60966
2011-2012,Jhalakathi,61609,44006
2011-2012,Perojpur,76704,61796
2011-2012,Bhola,160173,109977
2011-2012,Jessore,107093,106649
2011-2012,Jhenaidah,64671,61597
2011-2012,Magura,24287,28041
2011-2012,Narail,12742,6182
2011-2012,Khulna,17965,10584
2011-2012,Bagerhat,26060,22426
2011-2012,Satkhira,22237,23451
2011-2012,Khustia,111408,104178
2011-2012,Chuadanga,35404,37880
2011-2012,Meherpur,17907,19436
2011-2012,Patuakhali,165639,132169
2011-2012,Barguna,113190,88300
2011-2012,Bogra,63314,53248
2011-2012,Joypurhat,78,64
2011-2012,Dinajpur,14314,15678
2011-2012,Thakurgaon,4606,3968
2011-2012,Panchagar,11,5
2011-2012,Pabna,55507,33050
2011-2012,Sirajgonj,13971,10389
2011-2012,Rajshahi,107702,106330
2011-2012,Noagaon,137516,117474
2011-2012,Natore,26101,21442
2011-2012,Nawabgonj,128176,99807
2011-2012,Rangpur,1250,1004
2011-2012,Gaibandha,281,222
2011-2012,Kurigram,538,306
2011-2012,Nilphamari,0,0
2011-2012,Lalmonirhat,0,0
2012-2013,Bandarban,18954,15309
2012-2013,Chittagong,108712,107343
2012-2013,Cox's Bazar,5676,5690
2012-2013,Comilla,166611,161670
2012-2013,Chandpur,24725,22360
2012-2013,Brahmanbaria,11723,8243
2012-2013,Khagrachari,6243,4943
2012-2013,Noakhali,141596,94064
2012-2013,Lakshmipur,84594,62770
2012-2013,Feni,30734,27255
2012-2013,Rangamati,16131,9899
2012-2013,Sylhet,86351,77673
2012-2013,Maulavibazar,66940,64335
2012-2013,Sunamgonj,4942,3228
2012-2013,Hobigonj,83168,77575
2012-2013,Dhaka,1241,752
2012-2013,Gazipur,5258,3730
2012-2013,Manikgonj,803,359
2012-2013,Munshigonj,1587,1187
2012-2013,Narayangonj,440,328
2012-2013,Narsingdi,648,493
2012-2013,Faridpur,20142,9068
2012-2013,Rajbari,10167,3982
2012-2013,Madaripur,5394,1998
2012-2013,Gopalgonj,7684,3224
2012-2013,Shariatpur,20111,8581
2012-2013,Jamalpur,1646,1062
2012-2013,Sherpur,13832,11733
2012-2013,Kishoregonj,46128,40132
2012-2013,Netrokona,1767,1418
2012-2013,Mymenshing,96697,75085
2012-2013,Tangail,1258,709
2012-2013,Barisal,86116,56747
2012-2013,Jhalakathi,52630,40919
2012-2013,Perojpur,67379,53089
2012-2013,Bhola,151146,93360
2012-2013,Jessore,150043,111964
2012-2013,Jhenaidah,106754,92321
2012-2013,Magura,100933,92290
2012-2013,Narail,53156,51147
2012-2013,Khulna,20883,19150
2012-2013,Bagerhat,13003,6040
2012-2013,Satkhira,11817,6733
2012-2013,Khustia,21873,18113
2012-2013,Chuadanga,20271,20089
2012-2013,Meherpur,97202,84560
2012-2013,Patuakhali,36180,34671
2012-2013,Barguna,16536,16949
2012-2013,Bogra,57296,50923
2012-2013,Joypurhat,24,19
2012-2013,Dinajpur,54201,30776
2012-2013,Thakurgaon,13975,10078
2012-2013,Panchagar,93465,95161
2012-2013,Pabna,125252,130208
2012-2013,Sirajgonj,25161,18747
2012-2013,Rajshahi,117019,102336
2012-2013,Noagaon,11891,10333
2012-2013,Natore,4499,3916
2012-2013,Nawabgonj,8,4
2012-2013,Rangpur,1200,1068
2012-2013,Gaibandha,145,110
2012-2013,Kurigram,335,219
2012-2013,Nilphamari,0,0
2012-2013,Lalmonirhat,0,0
2013-2014,Bandarban,19040,14954
2013-2014,Chittagong,109163,110758
2013-2014,Cox's Bazar,5347,4747
2013-2014,Comilla,172392,189004
2013-2014,Chandpur,25344,22552
2013-2014,Brahmanbaria,9580,8127
2013-2014,Khagrachari,6114,4570
2013-2014,Noakhali,142964,93622
2013-2014,Lakshmipur,82454,57894
2013-2014,Feni,33181,27035
2013-2014,Rangamati,14036,9968
2013-2014,Sylhet,91034,100550
2013-2014,Maulavibazar,69615,75584
2013-2014,Sunamgonj,7623,7915
2013-2014,Hobigonj,84818,86459
2013-2014,Dhaka,1178,947
2013-2014,Gazipur,6004,6324
2013-2014,Manikgonj,1158,960
2013-2014,Munshigonj,1550,1418
2013-2014,Narayangonj,370,344
2013-2014,Narsingdi,664,419
2013-2014,Faridpur,18764,9272
2013-2014,Rajbari,8080,4096
2013-2014,Madaripur,5650,3341
2013-2014,Gopalgonj,7708,5669
2013-2014,Shariatpur,18518,10327
2013-2014,Jamalpur,1842,1059
2013-2014,Sherpur,15490,13630
2013-2014,Kishoregonj,48461,47548
2013-2014,Netrokona,1804,1253
2013-2014,Mymenshing,75564,63482
2013-2014,Tangail,2905,2130
2013-2014,Barisal,86536,48335
2013-2014,Jhalakathi,51019,44909
2013-2014,Perojpur,67451,50344
2013-2014,Bhola,150541,81528
2013-2014,Jessore,149043,105251
2013-2014,Jhenaidah,104754,113110
2013-2014,Magura,97520,105021
2013-2014,Narail,52767,61503
2013-2014,Khulna,19414,17413
2013-2014,Bagerhat,13646,7801
2013-2014,Satkhira,9763,5621
2013-2014,Khustia,21599,18613
2013-2014,Chuadanga,20873,22977
2013-2014,Meherpur,91970,92602
2013-2014,Patuakhali,53095,57826
2013-2014,Barguna,21175,28013
2013-2014,Bogra,57296,56120
2013-2014,Joypurhat,24,19
2013-2014,Dinajpur,57176,37392
2013-2014,Thakurgaon,15380,14875
2013-2014,Panchagar,92072,95889
2013-2014,Pabna,124382,142396
2013-2014,Sirajgonj,21109,17047
2013-2014,Rajshahi,117246,103380
2013-2014,Noagaon,9484,8411
2013-2014,Natore,3377,3353
2013-2014,Nawabgonj,2,1
2013-2014,Rangpur,0,0
2013-2014,Gaibandha,110,80
2013-2014,Kurigram,412,248
2013-2014,Nilphamari,0,0
2013-2014,Lalmonirhat,0,0
2014-2015,Bandarban,19013,13871
2014-2015,Chittagong,108575,108026
2014-2015,Cox's Bazar,4405,4110
2014-2015,Comilla,169961,172306
2014-2015,Chandpur,29308,25969
2014-2015,Brahmanbaria,11714,10100
2014-2015,Khagrachari,6406,4687
2014-2015,Noakhali,132752,93409
2014-2015,Lakshmipur,80036,57799
2014-2015,Feni,29269,26338
2014-2015,Rangamati,17241,11414
2014-2015,Sylhet,93589,98593
2014-2015,Maulavibazar,76890,81801
2014-2015,Sunamgonj,11180,11595
2014-2015,Hobigonj,86028,83460
2014-2015,Dhaka,1711,1413
2014-2015,Gazipur,4131,4071
2014-2015,Manikgonj,1977,1622
2014-2015,Munsigonj,865,821
2014-2015,Narayangonj,51,49
2014-2015,Narsingdi,739,474
2014-2015,Faridpur,16626,10599
2014-2015,Rajbari,5265,2465
2014-2015,Madaripur,3755,2031
2014-2015,Gopalgonj,6598,3953
2014-2015,Shariatpur,22532,12043
2014-2015,Jamalpur,3562,2530
2014-2015,Sherpur,13338,10937
2014-2015,Kishoregonj,47331,45640
2014-2015,Netrokona,532,330
2014-2015,Mymenshing,65658,62928
2014-2015,Tangail,902,546
2014-2015,Barisal,83188,49083
2014-2015,Jhalakathi,46135,36433
2014-2015,Perojpur,65031,54668
2014-2015,Bhola,184434,100811
2014-2015,Patuakhali,144419,115113
2014-2015,Barguna,97047,94652
2014-2015,Jessore,84690,96397
2014-2015,Jhenaidah,52867,59845
2014-2015,Magura,18244,14961
2014-2015,Narail,11430,6880
2014-2015,Khulna,8392,4525
2014-2015,Bagerhat,20258,19709
2014-2015,Satkhira,20051,20133
2014-2015,Kushtia,87950,87903
2014-2015,Chuadanga,63034,70287
2014-2015,Meherpur,20979,25465
2014-2015,Bogra,56081,52125
2014-2015,Joypurhat,0,0
2014-2015,Pabna,50573,33782
2014-2015,Sirajgonj,16600,15405
2014-2015,Rajshahi,96094,111467
2014-2015,Noagaon,127603,144321
2014-2015,Natore,19096,16122
2014-2015,Nawabgonj,111406,108316
2014-2015,Dinajpur,12067,11216
2014-2015,Thakurgaon,7558,6884
2014-2015,Panchagar,0,0
2014-2015,Rangpur,3275,3438
2014-2015,Gaibandha,804,600
2014-2015,Kurigram,2057,1621
2014-2015,Nilphamari,0,0
2014-2015,Lalmonirhat,0,0
